# Wavefront OBJ file
# Exported by Misfit Model 3D 1.3.6
# Sun Apr 06 12:20:30 2008

mtllib Lasha.mtl

# 409 Vertices
v -4.65199 5.792567 3.7289
v -7.549315 -38.288175 3.727658
v 0.967597 5.827665 6.241195
v 1.287694 -38.405359 6.231414
v 6.40757 5.797084 3.728899
v 10.124704 -38.251001 3.727658
v 9.026263 7.098834 -0.44197
v 5.787276 7.098834 3.866273
v 0.75432 7.098834 5.650806
v -4.423971 7.098834 3.866274
v -7.202067 7.098834 -0.44197
v -4.423972 7.098834 -4.750214
v 0.754319 7.098834 -6.534747
v 5.787275 7.098834 -4.750214
v 11.513381 5.869409 -1.575721
v -8.602766 5.869409 -1.57572
v -4.65199 5.47873 -7.480217
v 0.967596 5.850446 -9.965109
v 6.40757 5.483207 -7.479611
v 0.961259 7.000022 -1.984116
v 1.065324 5.869409 -1.575721
v -7.549314 -38.198702 -13.429594
v 1.287695 -37.979036 -15.926449
v 10.124705 -38.161863 -13.42461
v -0.523209 6.761697 0.25565
v -1.443131 6.761697 2.939025
v -3.664017 6.761697 4.050516
v -5.884903 6.761697 2.939025
v -6.804825 6.761697 0.25565
v -5.884903 6.761697 -2.427726
v -3.664017 6.761697 -3.539217
v -1.443131 6.761697 -2.427726
v 1.287633 2.545749 -1.42974
v -0.182834 2.545749 2.445386
v -3.732854 2.545749 4.050516
v -7.282874 2.545749 2.445386
v -8.753341 2.545749 -1.429739
v -7.282874 2.545749 -5.555281
v -3.732854 2.545749 -7.264137
v -0.182834 2.545749 -5.555282
v -0.523209 -21.089351 0.25565
v -1.44313 -21.089351 2.939025
v -3.664017 -21.089351 4.050516
v -5.884903 -21.089351 2.939025
v -6.804825 -21.089351 0.25565
v -5.884903 -21.089351 -2.427726
v -3.664017 -21.089351 -3.539217
v -1.443131 -21.089351 -2.427726
v 0.37493 -35.014871 -0.477478
v -0.811602 -35.014871 2.724297
v -3.676142 -35.014871 4.050516
v -6.540682 -35.014871 2.724297
v -7.727212 -35.014871 -0.477477
v -6.540682 -35.014871 -3.679252
v -3.676142 -35.014871 -5.005471
v -0.811602 -35.014871 -3.679252
v -0.523209 -48.940397 0.25565
v -1.44313 -48.940397 2.939025
v -3.664017 -48.940397 4.050516
v -5.884902 -48.940397 2.939025
v -6.804825 -48.940397 0.25565
v -5.884903 -48.940397 -2.427726
v -3.664017 -48.940397 -3.539217
v -1.44313 -48.940397 -2.427726
v 3.430841 6.761697 0.25565
v 4.350762 6.761697 2.939025
v 6.57165 6.761697 4.050516
v 8.792536 6.761697 2.939025
v 9.712458 6.761697 0.25565
v 8.792536 6.761697 -2.427726
v 6.57165 6.761697 -3.539217
v 4.350762 6.761697 -2.427726
v 1.619998 2.545749 -1.42974
v 3.090466 2.545749 2.445386
v 6.640486 2.545749 4.050516
v 10.190506 2.545749 2.445386
v 11.660973 2.545749 -1.429739
v 10.190506 2.545749 -5.555281
v 6.640487 2.545749 -7.264137
v 3.090466 2.545749 -5.555282
v 3.430841 -21.089351 0.25565
v 4.350762 -21.089351 2.939025
v 6.57165 -21.089351 4.050516
v 8.792536 -21.089351 2.939025
v 9.712458 -21.089351 0.25565
v 8.792536 -21.089351 -2.427726
v 6.57165 -21.089351 -3.539217
v 4.350762 -21.089351 -2.427726
v 2.532702 -35.014871 -0.477478
v 3.719234 -35.014871 2.724297
v 6.583774 -35.014871 4.050516
v 9.448314 -35.014871 2.724297
v 10.634846 -35.014871 -0.477477
v 9.448314 -35.014871 -3.679252
v 6.583774 -35.014871 -5.005471
v 3.719234 -35.014871 -3.679252
v 3.430841 -48.940397 0.25565
v 4.350762 -48.940397 2.939025
v 6.571649 -48.940397 4.050516
v 8.792536 -48.940397 2.939025
v 9.712457 -48.940397 0.25565
v 8.792536 -48.940397 -2.427726
v 6.57165 -48.940397 -3.539217
v 4.350762 -48.940397 -2.427726
v 9.850501 31.600533 -0.779361
v 9.850501 29.404692 2.288241
v 9.850501 24.853022 1.116521
v 9.850501 24.853022 -2.675242
v 9.850501 29.404692 -3.846962
v 32.430698 32.370218 -0.824298
v 32.430698 30.344511 2.233368
v 32.430698 24.926253 1.065442
v 32.430698 24.926253 -2.714041
v 32.430698 30.344511 -3.881966
v 56.796097 33.994742 -0.605454
v 56.796097 30.992582 4.806284
v 56.796097 19.761154 -0.605457
v 56.796097 30.992579 -6.017194
v 9.997225 32.971075 -3.921781
v 9.843674 32.947169 2.752752
v 7.545852 16.771519 2.363891
v 7.116267 16.724793 -2.706092
v 1.135967 16.745068 4.389737
v -5.299355 16.771519 2.363891
v -4.874962 16.724793 -2.706091
v 1.135966 16.749582 -4.816294
v -8.221322 32.267862 -0.779361
v -8.221322 29.984455 2.28824
v -8.221321 25.251272 1.116521
v -8.221322 25.251272 -2.675242
v -8.221322 29.984455 -3.846962
v -30.618935 33.068243 -0.824298
v -30.618935 30.961754 2.233368
v -30.618935 25.327425 1.065442
v -30.618935 25.327425 -2.714041
v -30.618935 30.961754 -3.881965
v -55.351807 34.581305 -0.605452
v -55.351807 31.459425 4.806287
v -55.351807 19.780113 -0.605454
v -55.351807 31.459425 -6.017192
v -8.10516 32.971075 -3.921781
v -8.012448 32.947169 2.752752
v 1.459598 25.557659 9.809575
v -7.560255 25.546898 7.107281
v 1.077473 32.97563 -6.338426
v 10.335243 25.546898 7.107281
v 0.992183 32.954691 4.389737
v 1.600639 20.689526 -14.36404
v -3.611358 20.477778 -13.640348
v -7.426805 19.89927 -11.663181
v -8.823355 19.109015 -8.962319
v -7.426805 18.31876 -6.261459
v -3.611359 17.740253 -4.284292
v 1.600638 17.528505 -3.5606
v 6.812635 17.740253 -4.284291
v 10.628082 18.31876 -6.261459
v 12.024633 19.109015 -8.962319
v 10.628083 19.89927 -11.663179
v 6.812637 20.477777 -13.640348
v 1.60064 35.735478 -10.672059
v -3.611357 35.52373 -9.948367
v -7.426804 34.945223 -7.9712
v -8.823354 34.154967 -5.270338
v -7.666444 32.160264 1.546973
v -2.454447 32.372012 0.823282
v 1.600638 32.574457 0.131384
v 5.680865 32.378615 0.800715
v 10.892863 32.166866 1.524409
v 12.024634 34.154968 -5.270337
v 10.628084 34.945223 -7.971197
v 6.812637 35.52373 -9.948367
v 1.600639 10.781495 -6.336282
v 1.496399 10.77726 -6.321808
v 1.42009 10.76569 -6.282266
v 1.392159 10.749885 -6.228248
v 1.42009 10.73408 -6.174231
v 1.496399 10.722509 -6.134687
v 1.600639 10.718274 -6.120213
v 1.704879 10.722509 -6.134687
v 1.781188 10.73408 -6.174231
v 1.809119 10.749885 -6.228248
v 1.781188 10.76569 -6.282266
v 1.704879 10.77726 -6.321808
v 1.650921 35.578909 -10.136953
v -3.151168 35.388156 -9.485015
v -6.666541 34.867008 -7.703886
v -7.953257 34.155108 -5.270818
v -7.734654 32.299341 1.07165
v -3.000318 32.500366 0.384603
v 1.650919 32.731307 -0.404684
v 6.277017 32.493764 0.407167
v 11.011355 32.292738 1.094217
v 11.255098 34.155108 -5.270816
v 9.968382 34.867009 -7.703885
v 6.453012 35.388155 -9.485014
v 1.583282 53.739081 0.806124
v 1.583282 30.756931 0.806124
v 1.583282 47.993548 9.556754
v 5.461912 36.477735 9.746054
v 7.859032 47.993548 3.510217
v 7.859036 36.502474 -1.897972
v 5.461909 47.993548 -6.273285
v 1.583282 36.502474 -7.944514
v -2.295344 47.993548 -6.273286
v -4.692472 36.502474 -1.897973
v -4.692468 47.993548 3.510216
v -2.295349 36.477736 9.746054
v -2.040023 52.199568 2.367332
v -2.062253 48.92309 7.460084
v 1.583282 52.199568 5.8583
v 3.822611 32.296446 4.893427
v 1.583282 35.010573 9.89865
v -0.656048 32.296446 4.893426
v 5.228816 48.92309 7.460084
v 5.206586 52.199568 2.367332
v 7.481881 48.92309 -1.735463
v 3.822607 52.199568 -3.281173
v 1.583282 48.92309 -7.418624
v -0.656043 52.199568 -3.281174
v -4.315317 48.92309 -1.735464
v -4.315323 35.572935 3.347712
v -2.040028 32.296446 -0.755088
v -2.062256 35.572935 -5.847844
v 1.583282 32.296446 -4.246061
v 5.22882 35.572935 -5.847844
v 5.206592 32.296446 -0.755087
v 7.481887 35.572935 3.347713
v 3.937849 40.345735 10.415942
v 7.747619 42.248015 6.745318
v 9.202823 42.248015 0.806124
v 7.74762 42.248015 -5.133071
v 3.93785 42.248015 -8.803695
v -0.771286 42.248015 -8.803695
v -4.581056 42.248015 -5.133072
v -6.036258 42.248015 0.806123
v -4.581057 42.248015 6.745317
v -0.771287 40.345735 10.415942
v -4.52255 -48.317594 7.899527
v 0.076586 -50.633451 7.899527
v 0.04105 -54.98393 7.855874
v -8.639843 -50.589296 7.855874
v -8.78784 -55.003916 7.899526
v -8.599266 -50.595095 12.965385
v -5.346506 -55.057299 16.004751
v -3.235701 -50.595095 16.004745
v 0.115553 -55.057299 12.965391
v -1.566666 -50.664213 -5.733643
v -4.326945 -48.271189 -5.733643
v -7.110244 -50.583498 -5.733644
v -8.853436 -54.950533 -5.733645
v -0.033454 -54.910562 -5.733643
v -4.371673 -54.918131 -5.733644
v -4.28331 -46.468965 -4.972693
v 0.926895 -46.468965 -2.146729
v 0.926895 -46.468965 3.505195
v -4.283309 -46.468965 6.331157
v -9.493515 -46.468965 3.505194
v -9.493515 -46.468965 -2.14673
v -4.28331 -50.022814 -4.972693
v 0.926895 -50.022814 -2.146729
v 0.926895 -50.022814 3.505195
v -4.283309 -50.022814 6.331157
v -9.493515 -50.022814 3.505194
v -9.493515 -50.022814 -2.14673
v -4.28331 -46.468965 0.679232
v -4.28331 -50.022814 0.679232
v 6.570324 -48.317594 7.899528
v 11.169459 -50.633451 7.899528
v 11.133924 -54.98393 7.855874
v 2.453029 -50.589296 7.855875
v 2.305033 -55.003916 7.899526
v 2.493607 -50.595095 12.965385
v 5.746368 -55.057299 16.004751
v 7.857173 -50.595095 16.004745
v 11.208427 -55.057299 12.965391
v 9.526208 -50.664213 -5.733643
v 6.765928 -48.271189 -5.733643
v 3.982629 -50.583498 -5.733644
v 2.239437 -54.950533 -5.733645
v 11.059421 -54.910562 -5.733643
v 6.7212 -54.918131 -5.733644
v 6.809565 -46.468965 -4.972693
v 12.019769 -46.468965 -2.146729
v 12.01977 -46.468965 3.505195
v 6.809565 -46.468965 6.331157
v 1.599359 -46.468965 3.505194
v 1.599358 -46.468965 -2.14673
v 6.809565 -50.022814 -4.972693
v 12.019769 -50.022814 -2.146729
v 12.01977 -50.022814 3.505195
v 6.809565 -50.022814 6.331157
v 1.599359 -50.022814 3.505194
v 1.599358 -50.022814 -2.14673
v 6.809565 -46.468965 0.679232
v 6.809565 -50.022814 0.679232
v 50.831345 26.697764 2.019589
v 63.388233 26.697764 2.019589
v 50.831345 31.927866 2.019589
v 63.388233 31.927866 2.019589
v 63.388233 26.697764 -2.952997
v 50.831345 26.697764 -2.952997
v 63.388233 31.927866 -2.952997
v 50.831345 31.927866 -2.952997
v -50.426033 26.552179 2.019589
v -63.388233 26.552179 2.019589
v -50.426033 32.297594 2.019589
v -63.388233 32.297594 2.019589
v -63.388233 26.552179 -2.952997
v -50.426033 26.552179 -2.952997
v -63.388233 32.29759 -2.952997
v -50.426033 32.29759 -2.952997
v 6.805778 49.828839 9.696853
v 5.400328 48.020713 0.025453
v 6.553042 50.915943 13.897102
v 5.400328 52.369131 0.025453
v 1.028687 48.020713 0.025453
v 1.028687 50.51807 9.696853
v 1.028687 52.369131 0.025453
v 2.330361 49.611881 13.897102
v 9.322454 39.003727 12.699754
v 9.069718 40.090832 16.900003
v 5.099772 37.699665 12.699754
v 4.847036 38.786769 16.900003
v 9.60142 28.070137 17.80278
v 9.322453 39.003727 12.699754
v 9.069718 40.090832 16.900003
v 5.099772 37.699665 12.699754
v 4.847036 38.786769 16.900003
v -4.125351 49.828839 9.696853
v -2.719901 48.020713 0.025453
v -3.872615 50.915943 13.897102
v -2.719901 52.369131 0.025453
v 1.651741 48.020713 0.025453
v 1.651741 50.51807 9.696853
v 1.651741 52.369131 0.025453
v 0.350066 49.611881 13.897102
v -6.642026 39.003727 12.699754
v -6.389291 40.090832 16.900003
v -2.419345 37.699665 12.699754
v -2.166609 38.786769 16.900003
v -6.920993 28.070137 17.80278
v -6.642026 39.003727 12.699754
v -6.389291 40.090832 16.900003
v -2.419345 37.699665 12.699754
v -2.166609 38.786769 16.900003
v 8.752692 50.093112 -8.945204
v 5.839072 47.941503 1.31554
v 9.142367 54.267062 -10.091529
v 5.391439 51.707343 3.44317
v 3.028415 51.036121 -9.384762
v 1.113453 51.707343 2.543123
v 5.144392 54.042735 -11.961686
v 12.865223 46.93624 -19.224084
v 13.254898 51.11019 -20.370408
v 8.867248 46.711914 -21.094242
v 9.256923 50.885864 -22.240566
v 15.173604 45.75418 -31.011204
v 12.865223 46.93624 -19.224084
v 13.254898 51.11019 -20.370408
v 8.867248 46.711914 -21.094242
v 9.256923 50.885864 -22.240566
v -6.441196 50.644583 -8.910906
v -3.149839 48.43624 0.900588
v -6.997851 54.805652 -10.034919
v -2.587113 52.202081 3.000712
v -0.771761 51.74268 -9.619083
v 1.635569 52.20208 1.869248
v -3.087811 54.688967 -12.091518
v -10.946072 47.370413 -18.98662
v -11.502727 51.531482 -20.110634
v -7.036033 47.253729 -21.043219
v -7.592687 51.414797 -22.167232
v -13.774256 46.118436 -30.65264
v -10.946072 47.370413 -18.98662
v -11.502727 51.531482 -20.110633
v -7.036033 47.253729 -21.043219
v -7.592687 51.414797 -22.167232
v 4.112605 54.832895 -9.462406
v 2.310644 48.513262 -2.006151
v 4.122841 57.994479 -12.44436
v 3.295266 52.111933 0.227417
v -1.358355 56.522364 -8.430848
v -0.962817 52.958759 0.74012
v -0.285434 57.733232 -12.618959
v 4.12008 53.75447 -20.024144
v 4.130315 57.983459 -21.025799
v -0.288195 53.615523 -20.305974
v -0.277959 57.844512 -21.307629
v 1.928534 53.192919 -31.879264
v 4.12008 53.75447 -20.024143
v 4.130315 57.983459 -21.025799
v -0.288195 53.615523 -20.305974
v -0.277959 57.844511 -21.307629
v 4.112605 49.324604 -8.309956
v 2.310644 47.579768 1.307167
v 4.122841 50.571639 -12.473196
v 3.295266 51.813093 1.442158
v -1.358355 51.303506 -8.261335
v -0.962817 52.802817 1.46276
v -0.285434 50.258093 -12.493779
v 4.12008 43.109792 -16.917476
v 4.130315 46.271376 -19.89943
v -0.288195 42.848544 -17.092075
v -0.277959 46.010128 -20.074028
v 1.928534 36.695914 -26.903536
v 4.12008 43.109792 -16.917476
v 4.130315 46.271376 -19.899429
v -0.288195 42.848544 -17.092075
v -0.277959 46.010128 -20.074028

# 1980 Texture Coordinates
vt 0.228349 0.987567
vt 0.204012 0.643939
vt 0.278242 0.643025
vt 0.278242 0.643025
vt 0.275554 0.987841
vt 0.228349 0.987567
vt 0.275554 0.987841
vt 0.278242 0.643025
vt 0.352473 0.644228
vt 0.352473 0.644228
vt 0.321249 0.987602
vt 0.275554 0.987841
vt 0.183192 0.204508
vt 0.154703 0.185854
vt 0.205068 0.209417
vt 0.154703 0.185854
vt 0.160159 0.186449
vt 0.205068 0.209417
vt 0.154703 0.185854
vt 0.110435 0.178128
vt 0.160159 0.186449
vt 0.110435 0.178128
vt 0.112311 0.175571
vt 0.160159 0.186449
vt 0.110435 0.178128
vt 0.064888 0.185854
vt 0.112311 0.175571
vt 0.064888 0.185854
vt 0.062883 0.186449
vt 0.112311 0.175571
vt 0.064888 0.185854
vt 0.040453 0.204508
vt 0.062883 0.186449
vt 0.040453 0.204508
vt 0.028133 0.209417
vt 0.062883 0.186449
vt 0.040453 0.204508
vt 0.064888 0.223162
vt 0.028133 0.209417
vt 0.064888 0.223162
vt 0.062883 0.234982
vt 0.028133 0.209417
vt 0.064888 0.223162
vt 0.110435 0.230889
vt 0.062883 0.234982
vt 0.110435 0.230889
vt 0.112311 0.245741
vt 0.062883 0.234982
vt 0.110435 0.230889
vt 0.154703 0.223162
vt 0.112311 0.245741
vt 0.154703 0.223162
vt 0.160159 0.23498
vt 0.112311 0.245741
vt 0.154703 0.223162
vt 0.183192 0.204508
vt 0.160159 0.23498
vt 0.183192 0.204508
vt 0.205068 0.209417
vt 0.160159 0.23498
vt 0.154703 0.185854
vt 0.183192 0.204508
vt 0.112255 0.211185
vt 0.205068 0.209417
vt 0.160159 0.186449
vt 0.11317 0.209417
vt 0.110435 0.178128
vt 0.154703 0.185854
vt 0.112255 0.211185
vt 0.160159 0.186449
vt 0.112311 0.175571
vt 0.11317 0.209417
vt 0.064888 0.185854
vt 0.110435 0.178128
vt 0.112255 0.211185
vt 0.112311 0.175571
vt 0.062883 0.186449
vt 0.11317 0.209417
vt 0.040453 0.204508
vt 0.064888 0.185854
vt 0.112255 0.211185
vt 0.062883 0.186449
vt 0.028133 0.209417
vt 0.11317 0.209417
vt 0.064888 0.223162
vt 0.040453 0.204508
vt 0.112255 0.211185
vt 0.028133 0.209417
vt 0.062883 0.234982
vt 0.11317 0.209417
vt 0.110435 0.230889
vt 0.064888 0.223162
vt 0.112255 0.211185
vt 0.062883 0.234982
vt 0.112311 0.245741
vt 0.11317 0.209417
vt 0.154703 0.223162
vt 0.110435 0.230889
vt 0.112255 0.211185
vt 0.112311 0.245741
vt 0.160159 0.23498
vt 0.11317 0.209417
vt 0.183192 0.204508
vt 0.154703 0.223162
vt 0.112255 0.211185
vt 0.160159 0.23498
vt 0.205068 0.209417
vt 0.11317 0.209417
vt 0.278242 0.646349
vt 0.204012 0.644636
vt 0.228349 0.985121
vt 0.228349 0.985121
vt 0.275554 0.988018
vt 0.278242 0.646349
vt 0.352473 0.644923
vt 0.278242 0.646349
vt 0.275554 0.988018
vt 0.275554 0.988018
vt 0.321249 0.985155
vt 0.352473 0.644923
vt 0.090274 0.985848
vt 0.064063 0.985848
vt 0.106737 0.950098
vt 0.064063 0.985848
vt 0.068885 0.950098
vt 0.106737 0.950098
vt 0.064063 0.985848
vt 0.030152 0.983742
vt 0.068885 0.950098
vt 0.030152 0.983742
vt 0.030152 0.947993
vt 0.068885 0.950098
vt 0.030152 0.983742
vt 0.064063 0.985848
vt 0.030152 0.947993
vt 0.064063 0.985848
vt 0.068885 0.950098
vt 0.030152 0.947993
vt 0.064063 0.985848
vt 0.090274 0.985848
vt 0.068885 0.950098
vt 0.090274 0.985848
vt 0.106737 0.950098
vt 0.068885 0.950098
vt 0.090274 0.985848
vt 0.116485 0.985848
vt 0.106737 0.950098
vt 0.116485 0.985848
vt 0.147034 0.950098
vt 0.106737 0.950098
vt 0.116485 0.985848
vt 0.14348 0.985848
vt 0.147034 0.950098
vt 0.14348 0.985848
vt 0.179864 0.950098
vt 0.147034 0.950098
vt 0.14348 0.985848
vt 0.116485 0.985848
vt 0.179864 0.950098
vt 0.116485 0.985848
vt 0.147034 0.950098
vt 0.179864 0.950098
vt 0.116485 0.985848
vt 0.090274 0.985848
vt 0.147034 0.950098
vt 0.090274 0.985848
vt 0.106737 0.950098
vt 0.147034 0.950098
vt 0.106737 0.950098
vt 0.068885 0.950098
vt 0.090274 0.749681
vt 0.068885 0.950098
vt 0.064063 0.749681
vt 0.090274 0.749681
vt 0.068885 0.950098
vt 0.030152 0.947993
vt 0.064063 0.749681
vt 0.030152 0.947993
vt 0.030152 0.747575
vt 0.064063 0.749681
vt 0.030152 0.947993
vt 0.068885 0.950098
vt 0.030152 0.747575
vt 0.068885 0.950098
vt 0.064063 0.749681
vt 0.030152 0.747575
vt 0.068885 0.950098
vt 0.106737 0.950098
vt 0.064063 0.749681
vt 0.106737 0.950098
vt 0.090274 0.749681
vt 0.064063 0.749681
vt 0.106737 0.950098
vt 0.147034 0.950098
vt 0.090274 0.749681
vt 0.147034 0.950098
vt 0.116485 0.749681
vt 0.090274 0.749681
vt 0.147034 0.950098
vt 0.179864 0.950098
vt 0.116485 0.749681
vt 0.179864 0.950098
vt 0.14348 0.749681
vt 0.116485 0.749681
vt 0.179864 0.950098
vt 0.147034 0.950098
vt 0.14348 0.749681
vt 0.147034 0.950098
vt 0.116485 0.749681
vt 0.14348 0.749681
vt 0.147034 0.950098
vt 0.106737 0.950098
vt 0.116485 0.749681
vt 0.106737 0.950098
vt 0.090274 0.749681
vt 0.116485 0.749681
vt 0.090274 0.749681
vt 0.064063 0.749681
vt 0.097435 0.631597
vt 0.064063 0.749681
vt 0.066161 0.631597
vt 0.097435 0.631597
vt 0.064063 0.749681
vt 0.030152 0.747575
vt 0.066161 0.631597
vt 0.030152 0.747575
vt 0.030152 0.629492
vt 0.066161 0.631597
vt 0.030152 0.747575
vt 0.064063 0.749681
vt 0.030152 0.629492
vt 0.064063 0.749681
vt 0.066161 0.631597
vt 0.030152 0.629492
vt 0.064063 0.749681
vt 0.090274 0.749681
vt 0.066161 0.631597
vt 0.090274 0.749681
vt 0.097435 0.631597
vt 0.066161 0.631597
vt 0.090274 0.749681
vt 0.116485 0.749681
vt 0.097435 0.631597
vt 0.116485 0.749681
vt 0.12871 0.631597
vt 0.097435 0.631597
vt 0.116485 0.749681
vt 0.14348 0.749681
vt 0.12871 0.631597
vt 0.14348 0.749681
vt 0.157802 0.631597
vt 0.12871 0.631597
vt 0.14348 0.749681
vt 0.116485 0.749681
vt 0.157802 0.631597
vt 0.116485 0.749681
vt 0.12871 0.631597
vt 0.157802 0.631597
vt 0.116485 0.749681
vt 0.090274 0.749681
vt 0.12871 0.631597
vt 0.090274 0.749681
vt 0.097435 0.631597
vt 0.12871 0.631597
vt 0.097435 0.631597
vt 0.066161 0.631597
vt 0.090274 0.513514
vt 0.066161 0.631597
vt 0.064063 0.513514
vt 0.090274 0.513514
vt 0.066161 0.631597
vt 0.030152 0.629492
vt 0.064063 0.513514
vt 0.030152 0.629492
vt 0.030152 0.511408
vt 0.064063 0.513514
vt 0.030152 0.629492
vt 0.066161 0.631597
vt 0.030152 0.511408
vt 0.066161 0.631597
vt 0.064063 0.513514
vt 0.030152 0.511408
vt 0.066161 0.631597
vt 0.097435 0.631597
vt 0.064063 0.513514
vt 0.097435 0.631597
vt 0.090274 0.513514
vt 0.064063 0.513514
vt 0.097435 0.631597
vt 0.12871 0.631597
vt 0.090274 0.513514
vt 0.12871 0.631597
vt 0.116485 0.513514
vt 0.090274 0.513514
vt 0.12871 0.631597
vt 0.157802 0.631597
vt 0.116485 0.513514
vt 0.157802 0.631597
vt 0.14348 0.513514
vt 0.116485 0.513514
vt 0.157802 0.631597
vt 0.12871 0.631597
vt 0.14348 0.513514
vt 0.12871 0.631597
vt 0.116485 0.513514
vt 0.14348 0.513514
vt 0.12871 0.631597
vt 0.097435 0.631597
vt 0.116485 0.513514
vt 0.097435 0.631597
vt 0.090274 0.513514
vt 0.116485 0.513514
vt 0.106737 0.950098
vt 0.064063 0.985848
vt 0.090274 0.985848
vt 0.106737 0.950098
vt 0.068885 0.950098
vt 0.064063 0.985848
vt 0.068885 0.950098
vt 0.030152 0.983742
vt 0.064063 0.985848
vt 0.068885 0.950098
vt 0.030152 0.947993
vt 0.030152 0.983742
vt 0.030152 0.947993
vt 0.064063 0.985848
vt 0.030152 0.983742
vt 0.030152 0.947993
vt 0.068885 0.950098
vt 0.064063 0.985848
vt 0.068885 0.950098
vt 0.090274 0.985848
vt 0.064063 0.985848
vt 0.068885 0.950098
vt 0.106737 0.950098
vt 0.090274 0.985848
vt 0.106737 0.950098
vt 0.116485 0.985848
vt 0.090274 0.985848
vt 0.106737 0.950098
vt 0.147034 0.950098
vt 0.116485 0.985848
vt 0.147034 0.950098
vt 0.14348 0.985848
vt 0.116485 0.985848
vt 0.147034 0.950098
vt 0.179864 0.950098
vt 0.14348 0.985848
vt 0.179864 0.950098
vt 0.116485 0.985848
vt 0.14348 0.985848
vt 0.179864 0.950098
vt 0.147034 0.950098
vt 0.116485 0.985848
vt 0.147034 0.950098
vt 0.090274 0.985848
vt 0.116485 0.985848
vt 0.147034 0.950098
vt 0.106737 0.950098
vt 0.090274 0.985848
vt 0.090274 0.749681
vt 0.068885 0.950098
vt 0.106737 0.950098
vt 0.090274 0.749681
vt 0.064063 0.749681
vt 0.068885 0.950098
vt 0.064063 0.749681
vt 0.030152 0.947993
vt 0.068885 0.950098
vt 0.064063 0.749681
vt 0.030152 0.747575
vt 0.030152 0.947993
vt 0.030152 0.747575
vt 0.068885 0.950098
vt 0.030152 0.947993
vt 0.030152 0.747575
vt 0.064063 0.749681
vt 0.068885 0.950098
vt 0.064063 0.749681
vt 0.106737 0.950098
vt 0.068885 0.950098
vt 0.064063 0.749681
vt 0.090274 0.749681
vt 0.106737 0.950098
vt 0.090274 0.749681
vt 0.147034 0.950098
vt 0.106737 0.950098
vt 0.090274 0.749681
vt 0.116485 0.749681
vt 0.147034 0.950098
vt 0.116485 0.749681
vt 0.179864 0.950098
vt 0.147034 0.950098
vt 0.116485 0.749681
vt 0.14348 0.749681
vt 0.179864 0.950098
vt 0.14348 0.749681
vt 0.147034 0.950098
vt 0.179864 0.950098
vt 0.14348 0.749681
vt 0.116485 0.749681
vt 0.147034 0.950098
vt 0.116485 0.749681
vt 0.106737 0.950098
vt 0.147034 0.950098
vt 0.116485 0.749681
vt 0.090274 0.749681
vt 0.106737 0.950098
vt 0.097435 0.631597
vt 0.064063 0.749681
vt 0.090274 0.749681
vt 0.097435 0.631597
vt 0.066161 0.631597
vt 0.064063 0.749681
vt 0.066161 0.631597
vt 0.030152 0.747575
vt 0.064063 0.749681
vt 0.066161 0.631597
vt 0.030152 0.629492
vt 0.030152 0.747575
vt 0.030152 0.629492
vt 0.064063 0.749681
vt 0.030152 0.747575
vt 0.030152 0.629492
vt 0.066161 0.631597
vt 0.064063 0.749681
vt 0.066161 0.631597
vt 0.090274 0.749681
vt 0.064063 0.749681
vt 0.066161 0.631597
vt 0.097435 0.631597
vt 0.090274 0.749681
vt 0.097435 0.631597
vt 0.116485 0.749681
vt 0.090274 0.749681
vt 0.097435 0.631597
vt 0.12871 0.631597
vt 0.116485 0.749681
vt 0.12871 0.631597
vt 0.14348 0.749681
vt 0.116485 0.749681
vt 0.12871 0.631597
vt 0.157802 0.631597
vt 0.14348 0.749681
vt 0.157802 0.631597
vt 0.116485 0.749681
vt 0.14348 0.749681
vt 0.157802 0.631597
vt 0.12871 0.631597
vt 0.116485 0.749681
vt 0.12871 0.631597
vt 0.090274 0.749681
vt 0.116485 0.749681
vt 0.12871 0.631597
vt 0.097435 0.631597
vt 0.090274 0.749681
vt 0.090274 0.513514
vt 0.066161 0.631597
vt 0.097435 0.631597
vt 0.090274 0.513514
vt 0.064063 0.513514
vt 0.066161 0.631597
vt 0.064063 0.513514
vt 0.030152 0.629492
vt 0.066161 0.631597
vt 0.064063 0.513514
vt 0.030152 0.511408
vt 0.030152 0.629492
vt 0.030152 0.511408
vt 0.066161 0.631597
vt 0.030152 0.629492
vt 0.030152 0.511408
vt 0.064063 0.513514
vt 0.066161 0.631597
vt 0.064063 0.513514
vt 0.097435 0.631597
vt 0.066161 0.631597
vt 0.064063 0.513514
vt 0.090274 0.513514
vt 0.097435 0.631597
vt 0.090274 0.513514
vt 0.12871 0.631597
vt 0.097435 0.631597
vt 0.090274 0.513514
vt 0.116485 0.513514
vt 0.12871 0.631597
vt 0.116485 0.513514
vt 0.157802 0.631597
vt 0.12871 0.631597
vt 0.116485 0.513514
vt 0.14348 0.513514
vt 0.157802 0.631597
vt 0.14348 0.513514
vt 0.12871 0.631597
vt 0.157802 0.631597
vt 0.14348 0.513514
vt 0.116485 0.513514
vt 0.12871 0.631597
vt 0.116485 0.513514
vt 0.097435 0.631597
vt 0.12871 0.631597
vt 0.116485 0.513514
vt 0.090274 0.513514
vt 0.097435 0.631597
vt 0.963486 0.30474
vt 0.963486 0.282834
vt 0.730373 0.311724
vt 0.963486 0.282834
vt 0.730373 0.290983
vt 0.730373 0.311724
vt 0.963486 0.282834
vt 0.963486 0.237425
vt 0.730373 0.290983
vt 0.963486 0.237425
vt 0.730373 0.235507
vt 0.730373 0.290983
vt 0.963486 0.237425
vt 0.963486 0.237425
vt 0.730373 0.235507
vt 0.963486 0.237425
vt 0.730373 0.235507
vt 0.730373 0.235507
vt 0.963486 0.237425
vt 0.963486 0.282834
vt 0.730373 0.235507
vt 0.963486 0.282834
vt 0.730373 0.290983
vt 0.730373 0.235507
vt 0.963486 0.282834
vt 0.963486 0.30474
vt 0.730373 0.290983
vt 0.963486 0.30474
vt 0.730373 0.311724
vt 0.730373 0.290983
vt 0.730373 0.311724
vt 0.730373 0.290983
vt 0.473241 0.325804
vt 0.730373 0.290983
vt 0.473241 0.296161
vt 0.473241 0.325804
vt 0.730373 0.290983
vt 0.730373 0.235507
vt 0.473241 0.296161
vt 0.730373 0.235507
vt 0.473241 0.185261
vt 0.473241 0.296161
vt 0.730373 0.235507
vt 0.730373 0.235507
vt 0.473241 0.185261
vt 0.730373 0.235507
vt 0.730373 0.290983
vt 0.473241 0.185261
vt 0.730373 0.290983
vt 0.473241 0.296161
vt 0.473241 0.185261
vt 0.730373 0.290983
vt 0.730373 0.311724
vt 0.473241 0.296161
vt 0.730373 0.311724
vt 0.473241 0.325804
vt 0.473241 0.296161
vt 0.710092 0.983129
vt 0.649823 0.947729
vt 0.770361 0.947729
vt 0.649823 0.947729
vt 0.710092 0.815294
vt 0.770361 0.947729
vt 0.932244 0.724538
vt 0.823115 0.724207
vt 0.880865 0.705545
vt 0.823115 0.724207
vt 0.83071 0.675114
vt 0.880865 0.705545
vt 0.823115 0.724207
vt 0.829473 0.500039
vt 0.83071 0.675114
vt 0.829473 0.500039
vt 0.849868 0.612036
vt 0.83071 0.675114
vt 0.829473 0.500039
vt 0.912368 0.499392
vt 0.849868 0.612036
vt 0.912368 0.499392
vt 0.911863 0.612036
vt 0.849868 0.612036
vt 0.912368 0.499392
vt 0.932244 0.724538
vt 0.911863 0.612036
vt 0.932244 0.724538
vt 0.931021 0.675114
vt 0.911863 0.612036
vt 0.932244 0.724538
vt 0.880865 0.705545
vt 0.931021 0.675114
vt 0.912368 0.499392
vt 0.829473 0.500039
vt 0.875349 0.365992
vt 0.829473 0.500039
vt 0.804909 0.365992
vt 0.875349 0.365992
vt 0.652586 0.495096
vt 0.553798 0.494732
vt 0.625483 0.362049
vt 0.553798 0.494732
vt 0.547917 0.362049
vt 0.625483 0.362049
vt 0.553798 0.494732
vt 0.454619 0.495096
vt 0.547917 0.362049
vt 0.454619 0.495096
vt 0.46811 0.362049
vt 0.547917 0.362049
vt 0.829473 0.500039
vt 0.912368 0.499392
vt 0.804909 0.365992
vt 0.912368 0.499392
vt 0.875349 0.365992
vt 0.804909 0.365992
vt 0.912368 0.499392
vt 0.945789 0.365992
vt 0.875349 0.365992
vt 0.46116 0.494453
vt 0.553798 0.494794
vt 0.46811 0.362049
vt 0.553798 0.494794
vt 0.547917 0.362049
vt 0.46811 0.362049
vt 0.553798 0.494794
vt 0.645965 0.494453
vt 0.547917 0.362049
vt 0.645965 0.494453
vt 0.625483 0.362049
vt 0.547917 0.362049
vt 0.912368 0.499392
vt 0.875349 0.365992
vt 0.945789 0.365992
vt 0.728764 0.310349
vt 0.961495 0.280978
vt 0.961495 0.302726
vt 0.728764 0.310349
vt 0.728764 0.290287
vt 0.961495 0.280978
vt 0.728764 0.290287
vt 0.961495 0.235898
vt 0.961495 0.280978
vt 0.728764 0.290287
vt 0.728764 0.236623
vt 0.961495 0.235898
vt 0.728764 0.236623
vt 0.961495 0.235898
vt 0.961495 0.235898
vt 0.728764 0.236623
vt 0.728764 0.236623
vt 0.961495 0.235898
vt 0.728764 0.236623
vt 0.961495 0.280978
vt 0.961495 0.235898
vt 0.728764 0.236623
vt 0.728764 0.290287
vt 0.961495 0.280978
vt 0.728764 0.290287
vt 0.961495 0.302726
vt 0.961495 0.280978
vt 0.728764 0.290287
vt 0.728764 0.310349
vt 0.961495 0.302726
vt 0.471769 0.32476
vt 0.728764 0.290287
vt 0.728764 0.310349
vt 0.471769 0.32476
vt 0.471769 0.295026
vt 0.728764 0.290287
vt 0.471769 0.295026
vt 0.728764 0.236623
vt 0.728764 0.290287
vt 0.471769 0.295026
vt 0.471769 0.183789
vt 0.728764 0.236623
vt 0.471769 0.183789
vt 0.728764 0.236623
vt 0.728764 0.236623
vt 0.471769 0.183789
vt 0.728764 0.290287
vt 0.728764 0.236623
vt 0.471769 0.183789
vt 0.471769 0.295026
vt 0.728764 0.290287
vt 0.471769 0.295026
vt 0.728764 0.310349
vt 0.728764 0.290287
vt 0.471769 0.295026
vt 0.471769 0.32476
vt 0.728764 0.310349
vt 0.770361 0.953234
vt 0.649823 0.953234
vt 0.710092 0.990045
vt 0.770361 0.953234
vt 0.710092 0.815518
vt 0.649823 0.953234
vt 0.880865 0.714793
vt 0.823115 0.724207
vt 0.932244 0.724538
vt 0.880865 0.714793
vt 0.83071 0.683149
vt 0.823115 0.724207
vt 0.83071 0.683149
vt 0.829473 0.500039
vt 0.823115 0.724207
vt 0.83071 0.683149
vt 0.849868 0.617555
vt 0.829473 0.500039
vt 0.849868 0.617555
vt 0.912368 0.499392
vt 0.829473 0.500039
vt 0.849868 0.617555
vt 0.911863 0.617555
vt 0.912368 0.499392
vt 0.911863 0.617555
vt 0.932244 0.724538
vt 0.912368 0.499392
vt 0.911863 0.617555
vt 0.931021 0.683149
vt 0.932244 0.724538
vt 0.931021 0.683149
vt 0.880865 0.714793
vt 0.932244 0.724538
vt 0.558786 0.615949
vt 0.419775 0.615801
vt 0.553798 0.494732
vt 0.419775 0.615801
vt 0.454619 0.495096
vt 0.553798 0.494732
vt 0.411377 0.71792
vt 0.552897 0.717983
vt 0.46116 0.494453
vt 0.552897 0.717983
vt 0.553798 0.494794
vt 0.46116 0.494453
vt 0.552897 0.717983
vt 0.690366 0.71792
vt 0.553798 0.494794
vt 0.690366 0.71792
vt 0.645965 0.494453
vt 0.553798 0.494794
vt 0.695575 0.615801
vt 0.558786 0.615949
vt 0.652586 0.495096
vt 0.558786 0.615949
vt 0.553798 0.494732
vt 0.652586 0.495096
vt 0.551583 0.717695
vt 0.419775 0.615801
vt 0.558786 0.615949
vt 0.551583 0.717695
vt 0.412806 0.717591
vt 0.419775 0.615801
vt 0.687999 0.717591
vt 0.558786 0.615949
vt 0.695575 0.615801
vt 0.687999 0.717591
vt 0.551583 0.717695
vt 0.558786 0.615949
vt 0.751918 0.621652
vt 0.829473 0.500039
vt 0.823115 0.724207
vt 0.823115 0.724207
vt 0.829473 0.500039
vt 0.751918 0.621652
vt 0.574464 0.980583
vt 0.574464 0.968673
vt 0.390284 0.980583
vt 0.574464 0.968673
vt 0.390284 0.968673
vt 0.390284 0.980583
vt 0.574464 0.968673
vt 0.574464 0.936136
vt 0.390284 0.968673
vt 0.574464 0.936136
vt 0.390284 0.936136
vt 0.390284 0.968673
vt 0.574464 0.936136
vt 0.574464 0.891689
vt 0.390284 0.936136
vt 0.574464 0.891689
vt 0.390284 0.891689
vt 0.390284 0.936136
vt 0.574464 0.891689
vt 0.574464 0.847242
vt 0.390284 0.891689
vt 0.574464 0.847242
vt 0.390284 0.7795
vt 0.390284 0.891689
vt 0.574464 0.847242
vt 0.574464 0.814705
vt 0.390284 0.7795
vt 0.574464 0.814705
vt 0.390284 0.791409
vt 0.390284 0.7795
vt 0.574464 0.814705
vt 0.574464 0.802796
vt 0.390284 0.791409
vt 0.574464 0.802796
vt 0.390284 0.802796
vt 0.390284 0.791409
vt 0.574464 0.802796
vt 0.574464 0.814705
vt 0.390284 0.802796
vt 0.574464 0.814705
vt 0.390284 0.791781
vt 0.390284 0.802796
vt 0.390284 0.791781
vt 0.574464 0.847242
vt 0.574464 0.814705
vt 0.390284 0.791781
vt 0.390284 0.779871
vt 0.574464 0.847242
vt 0.574464 0.847242
vt 0.574464 0.891689
vt 0.390284 0.779871
vt 0.574464 0.891689
vt 0.390284 0.891689
vt 0.390284 0.779871
vt 0.574464 0.891689
vt 0.574464 0.936136
vt 0.390284 0.891689
vt 0.574464 0.936136
vt 0.390284 0.936136
vt 0.390284 0.891689
vt 0.574464 0.936136
vt 0.574464 0.968673
vt 0.390284 0.936136
vt 0.574464 0.968673
vt 0.390284 0.968673
vt 0.390284 0.936136
vt 0.574464 0.968673
vt 0.574464 0.980583
vt 0.390284 0.968673
vt 0.574464 0.980583
vt 0.390284 0.980583
vt 0.390284 0.968673
vt 0.660798 0.819756
vt 0.660798 0.819994
vt 0.390284 0.971777
vt 0.660798 0.819756
vt 0.390284 0.971777
vt 0.390284 0.961048
vt 0.660798 0.819105
vt 0.660798 0.819756
vt 0.390284 0.961048
vt 0.660798 0.819105
vt 0.390284 0.961048
vt 0.390284 0.931737
vt 0.660798 0.818216
vt 0.660798 0.819105
vt 0.390284 0.931737
vt 0.660798 0.818216
vt 0.390284 0.931737
vt 0.390284 0.891697
vt 0.660798 0.817327
vt 0.660798 0.818216
vt 0.390284 0.891697
vt 0.660798 0.817327
vt 0.390284 0.891697
vt 0.390284 0.787322
vt 0.660798 0.816676
vt 0.660798 0.817327
vt 0.390284 0.787322
vt 0.660798 0.816676
vt 0.390284 0.787322
vt 0.390284 0.798628
vt 0.660798 0.816438
vt 0.660798 0.816676
vt 0.390284 0.798628
vt 0.660798 0.816438
vt 0.390284 0.798628
vt 0.390284 0.811617
vt 0.660798 0.816676
vt 0.660798 0.816438
vt 0.390284 0.811617
vt 0.660798 0.816676
vt 0.390284 0.811617
vt 0.390284 0.798257
vt 0.660798 0.817327
vt 0.660798 0.816676
vt 0.390284 0.798257
vt 0.660798 0.817327
vt 0.390284 0.798257
vt 0.390284 0.786951
vt 0.660798 0.818216
vt 0.660798 0.817327
vt 0.390284 0.786951
vt 0.660798 0.818216
vt 0.390284 0.786951
vt 0.390284 0.891697
vt 0.660798 0.819105
vt 0.660798 0.818216
vt 0.390284 0.891697
vt 0.660798 0.819105
vt 0.390284 0.891697
vt 0.390284 0.931737
vt 0.660798 0.819756
vt 0.660798 0.819105
vt 0.390284 0.931737
vt 0.660798 0.819756
vt 0.390284 0.931737
vt 0.390284 0.961048
vt 0.660798 0.819994
vt 0.660798 0.819756
vt 0.390284 0.961048
vt 0.660798 0.819994
vt 0.390284 0.961048
vt 0.390284 0.971777
vt 0.574464 0.968673
vt 0.574464 0.980583
vt 0.660798 0.819994
vt 0.574464 0.968673
vt 0.660798 0.819994
vt 0.660798 0.819756
vt 0.390284 0.980583
vt 0.390284 0.968673
vt 0.390284 0.971777
vt 0.390284 0.968673
vt 0.390284 0.961048
vt 0.390284 0.971777
vt 0.574464 0.936136
vt 0.574464 0.968673
vt 0.660798 0.819756
vt 0.574464 0.936136
vt 0.660798 0.819756
vt 0.660798 0.819105
vt 0.390284 0.968673
vt 0.390284 0.936136
vt 0.390284 0.961048
vt 0.390284 0.936136
vt 0.390284 0.931737
vt 0.390284 0.961048
vt 0.574464 0.891689
vt 0.574464 0.936136
vt 0.660798 0.819105
vt 0.574464 0.891689
vt 0.660798 0.819105
vt 0.660798 0.818216
vt 0.390284 0.936136
vt 0.390284 0.891689
vt 0.390284 0.931737
vt 0.390284 0.891689
vt 0.390284 0.891697
vt 0.390284 0.931737
vt 0.574464 0.847242
vt 0.574464 0.891689
vt 0.660798 0.818216
vt 0.574464 0.847242
vt 0.660798 0.818216
vt 0.660798 0.817327
vt 0.390284 0.891689
vt 0.390284 0.7795
vt 0.390284 0.891697
vt 0.390284 0.7795
vt 0.390284 0.787322
vt 0.390284 0.891697
vt 0.574464 0.814705
vt 0.574464 0.847242
vt 0.660798 0.817327
vt 0.574464 0.814705
vt 0.660798 0.817327
vt 0.660798 0.816676
vt 0.390284 0.7795
vt 0.390284 0.791409
vt 0.390284 0.787322
vt 0.390284 0.791409
vt 0.390284 0.798628
vt 0.390284 0.787322
vt 0.574464 0.802796
vt 0.574464 0.814705
vt 0.660798 0.816676
vt 0.574464 0.802796
vt 0.660798 0.816676
vt 0.660798 0.816438
vt 0.390284 0.791409
vt 0.390284 0.802796
vt 0.390284 0.798628
vt 0.390284 0.802796
vt 0.390284 0.811617
vt 0.390284 0.798628
vt 0.574464 0.814705
vt 0.574464 0.802796
vt 0.660798 0.816438
vt 0.574464 0.814705
vt 0.660798 0.816438
vt 0.660798 0.816676
vt 0.390284 0.802796
vt 0.390284 0.791781
vt 0.390284 0.811617
vt 0.390284 0.791781
vt 0.390284 0.798257
vt 0.390284 0.811617
vt 0.574464 0.847242
vt 0.574464 0.814705
vt 0.660798 0.816676
vt 0.574464 0.847242
vt 0.660798 0.816676
vt 0.660798 0.817327
vt 0.390284 0.791781
vt 0.390284 0.779871
vt 0.390284 0.798257
vt 0.390284 0.779871
vt 0.390284 0.786951
vt 0.390284 0.798257
vt 0.574464 0.891689
vt 0.574464 0.847242
vt 0.660798 0.817327
vt 0.574464 0.891689
vt 0.660798 0.817327
vt 0.660798 0.818216
vt 0.390284 0.779871
vt 0.390284 0.891689
vt 0.390284 0.786951
vt 0.390284 0.891689
vt 0.390284 0.891697
vt 0.390284 0.786951
vt 0.574464 0.936136
vt 0.574464 0.891689
vt 0.660798 0.818216
vt 0.574464 0.936136
vt 0.660798 0.818216
vt 0.660798 0.819105
vt 0.390284 0.891689
vt 0.390284 0.936136
vt 0.390284 0.891697
vt 0.390284 0.936136
vt 0.390284 0.931737
vt 0.390284 0.891697
vt 0.574464 0.968673
vt 0.574464 0.936136
vt 0.660798 0.819105
vt 0.574464 0.968673
vt 0.660798 0.819105
vt 0.660798 0.819756
vt 0.390284 0.936136
vt 0.390284 0.968673
vt 0.390284 0.931737
vt 0.390284 0.968673
vt 0.390284 0.961048
vt 0.390284 0.931737
vt 0.574464 0.980583
vt 0.574464 0.968673
vt 0.660798 0.819756
vt 0.574464 0.980583
vt 0.660798 0.819756
vt 0.660798 0.819994
vt 0.390284 0.968673
vt 0.390284 0.980583
vt 0.390284 0.961048
vt 0.390284 0.980583
vt 0.390284 0.971777
vt 0.390284 0.961048
vt 0.302634 0.59208
vt 0.252521 0.577282
vt 0.302634 0.577282
vt 0.302634 0.371177
vt 0.333605 0.385974
vt 0.271662 0.385974
vt 0.302634 0.59208
vt 0.302634 0.577282
vt 0.352747 0.577282
vt 0.307172 0.559712
vt 0.317426 0.557179
vt 0.313509 0.557179
vt 0.307172 0.559712
vt 0.313509 0.557179
vt 0.300834 0.557179
vt 0.307172 0.559712
vt 0.300834 0.557179
vt 0.296918 0.557179
vt 0.302634 0.371177
vt 0.271662 0.385974
vt 0.252521 0.385974
vt 0.302634 0.371177
vt 0.252521 0.385974
vt 0.302634 0.385974
vt 0.302634 0.371177
vt 0.302634 0.385974
vt 0.352747 0.385974
vt 0.302634 0.371177
vt 0.352747 0.385974
vt 0.333605 0.385974
vt 0.302634 0.536854
vt 0.335199 0.451582
vt 0.353054 0.545789
vt 0.324933 0.550259
vt 0.328736 0.540807
vt 0.323865 0.551789
vt 0.318149 0.550259
vt 0.313835 0.540807
vt 0.307172 0.551789
vt 0.296195 0.550259
vt 0.289726 0.540807
vt 0.290479 0.551789
vt 0.215836 0.536854
vt 0.217377 0.481628
vt 0.252214 0.545789
vt 0.324933 0.531354
vt 0.328736 0.540807
vt 0.323865 0.529825
vt 0.307172 0.531354
vt 0.313835 0.540807
vt 0.317489 0.529825
vt 0.289411 0.531354
vt 0.289726 0.540807
vt 0.296855 0.529825
vt 0.24899 0.426403
vt 0.217377 0.481628
vt 0.221052 0.417468
vt 0.356278 0.426403
vt 0.335199 0.451582
vt 0.302634 0.417468
vt 0.215836 0.536854
vt 0.252214 0.545789
vt 0.252521 0.577282
vt 0.302634 0.536854
vt 0.302634 0.577282
vt 0.252214 0.545789
vt 0.252521 0.577282
vt 0.252214 0.545789
vt 0.302634 0.577282
vt 0.356278 0.426403
vt 0.302634 0.417468
vt 0.333605 0.385974
vt 0.24899 0.426403
vt 0.271662 0.385974
vt 0.302634 0.417468
vt 0.333605 0.385974
vt 0.302634 0.417468
vt 0.271662 0.385974
vt 0.302634 0.536854
vt 0.353054 0.545789
vt 0.302634 0.577282
vt 0.389432 0.536854
vt 0.352747 0.577282
vt 0.353054 0.545789
vt 0.302634 0.577282
vt 0.353054 0.545789
vt 0.352747 0.577282
vt 0.324933 0.550259
vt 0.323865 0.551789
vt 0.317426 0.557179
vt 0.318149 0.550259
vt 0.313509 0.557179
vt 0.323865 0.551789
vt 0.317426 0.557179
vt 0.323865 0.551789
vt 0.313509 0.557179
vt 0.318149 0.550259
vt 0.307172 0.551789
vt 0.313509 0.557179
vt 0.296195 0.550259
vt 0.300834 0.557179
vt 0.307172 0.551789
vt 0.313509 0.557179
vt 0.307172 0.551789
vt 0.300834 0.557179
vt 0.296195 0.550259
vt 0.290479 0.551789
vt 0.300834 0.557179
vt 0.289411 0.550259
vt 0.296918 0.557179
vt 0.290479 0.551789
vt 0.300834 0.557179
vt 0.290479 0.551789
vt 0.296918 0.557179
vt 0.24899 0.426403
vt 0.221052 0.417468
vt 0.271662 0.385974
vt 0.289411 0.531354
vt 0.296918 0.524434
vt 0.290479 0.529825
vt 0.271662 0.385974
vt 0.221052 0.417468
vt 0.252521 0.385974
vt 0.289411 0.531354
vt 0.296855 0.529825
vt 0.296918 0.524434
vt 0.307172 0.531354
vt 0.307172 0.524434
vt 0.296855 0.529825
vt 0.296918 0.524434
vt 0.296855 0.529825
vt 0.307172 0.524434
vt 0.307172 0.531354
vt 0.317489 0.529825
vt 0.307172 0.524434
vt 0.324933 0.531354
vt 0.317426 0.524434
vt 0.317489 0.529825
vt 0.307172 0.524434
vt 0.317489 0.529825
vt 0.317426 0.524434
vt 0.324933 0.531354
vt 0.323865 0.529825
vt 0.317426 0.524434
vt 0.356278 0.426403
vt 0.333605 0.385974
vt 0.384215 0.417468
vt 0.352747 0.385974
vt 0.384215 0.417468
vt 0.333605 0.385974
vt 0.356278 0.426403
vt 0.387891 0.481628
vt 0.335199 0.451582
vt 0.389432 0.536854
vt 0.353054 0.545789
vt 0.387891 0.481628
vt 0.335199 0.451582
vt 0.387891 0.481628
vt 0.353054 0.545789
vt 0.324933 0.531354
vt 0.324617 0.540807
vt 0.328736 0.540807
vt 0.318149 0.550259
vt 0.323865 0.551789
vt 0.324617 0.540807
vt 0.328736 0.540807
vt 0.324617 0.540807
vt 0.323865 0.551789
vt 0.307172 0.531354
vt 0.300508 0.540807
vt 0.313835 0.540807
vt 0.296195 0.550259
vt 0.307172 0.551789
vt 0.300508 0.540807
vt 0.313835 0.540807
vt 0.300508 0.540807
vt 0.307172 0.551789
vt 0.289411 0.531354
vt 0.285608 0.540807
vt 0.289726 0.540807
vt 0.289411 0.550259
vt 0.290479 0.551789
vt 0.285608 0.540807
vt 0.289726 0.540807
vt 0.285608 0.540807
vt 0.290479 0.551789
vt 0.24899 0.426403
vt 0.270069 0.451582
vt 0.217377 0.481628
vt 0.302634 0.536854
vt 0.252214 0.545789
vt 0.270069 0.451582
vt 0.217377 0.481628
vt 0.270069 0.451582
vt 0.252214 0.545789
vt 0.389432 0.536854
vt 0.387891 0.481628
vt 0.408017 0.481628
vt 0.356278 0.426403
vt 0.384215 0.417468
vt 0.387891 0.481628
vt 0.408017 0.481628
vt 0.387891 0.481628
vt 0.384215 0.417468
vt 0.318149 0.550259
vt 0.324617 0.540807
vt 0.313835 0.540807
vt 0.324933 0.531354
vt 0.317489 0.529825
vt 0.324617 0.540807
vt 0.313835 0.540807
vt 0.324617 0.540807
vt 0.317489 0.529825
vt 0.296195 0.550259
vt 0.300508 0.540807
vt 0.289726 0.540807
vt 0.307172 0.531354
vt 0.296855 0.529825
vt 0.300508 0.540807
vt 0.289726 0.540807
vt 0.300508 0.540807
vt 0.296855 0.529825
vt 0.215836 0.536854
vt 0.19725 0.481628
vt 0.217377 0.481628
vt 0.289411 0.531354
vt 0.290479 0.529825
vt 0.285608 0.540807
vt 0.217377 0.481628
vt 0.19725 0.481628
vt 0.221052 0.417468
vt 0.302634 0.536854
vt 0.270069 0.451582
vt 0.335199 0.451582
vt 0.24899 0.426403
vt 0.302634 0.417468
vt 0.270069 0.451582
vt 0.335199 0.451582
vt 0.270069 0.451582
vt 0.302634 0.417468
vt 0.877476 0.841663
vt 0.892731 0.763465
vt 0.931996 0.841663
vt 0.877476 0.841663
vt 0.828667 0.842084
vt 0.829148 0.792788
vt 0.877476 0.841663
vt 0.829148 0.792788
vt 0.892731 0.763465
vt 0.828667 0.842084
vt 0.826913 0.841663
vt 0.829148 0.792788
vt 0.829148 0.792788
vt 0.867708 0.763465
vt 0.892731 0.763465
vt 0.892731 0.763465
vt 0.932458 0.792788
vt 0.931996 0.841663
vt 0.867708 0.763465
vt 0.829148 0.792788
vt 0.826913 0.841663
vt 0.932458 0.792788
vt 0.892731 0.763465
vt 0.867708 0.763465
vt 0.931575 0.842084
vt 0.931996 0.841663
vt 0.932458 0.792788
vt 0.912516 0.973194
vt 0.879794 0.973194
vt 0.931996 0.841663
vt 0.879794 0.973194
vt 0.877476 0.841663
vt 0.931996 0.841663
vt 0.879794 0.973194
vt 0.8468 0.973194
vt 0.877476 0.841663
vt 0.8468 0.973194
vt 0.828667 0.842084
vt 0.877476 0.841663
vt 0.8468 0.973194
vt 0.826135 0.973194
vt 0.828667 0.842084
vt 0.826135 0.973194
vt 0.826913 0.841663
vt 0.828667 0.842084
vt 0.930692 0.973194
vt 0.912516 0.973194
vt 0.931575 0.842084
vt 0.912516 0.973194
vt 0.931996 0.841663
vt 0.931575 0.842084
vt 0.879794 0.973194
vt 0.912516 0.973194
vt 0.879264 0.973194
vt 0.8468 0.973194
vt 0.879794 0.973194
vt 0.879264 0.973194
vt 0.826135 0.973194
vt 0.8468 0.973194
vt 0.879264 0.973194
vt 0.912516 0.973194
vt 0.930692 0.973194
vt 0.879264 0.973194
vt 0.931575 0.842084
vt 0.932458 0.792788
vt 0.930692 0.973194
vt 0.826135 0.973194
vt 0.867708 0.763465
vt 0.826913 0.841663
vt 0.826135 0.973194
vt 0.932458 0.792788
vt 0.867708 0.763465
vt 0.826135 0.973194
vt 0.930692 0.973194
vt 0.932458 0.792788
vt 0.930692 0.973194
vt 0.879264 0.973194
vt 0.826135 0.973194
vt 0.387261 0.229004
vt 0.349394 0.229004
vt 0.387261 0.183428
vt 0.349394 0.229004
vt 0.349394 0.183428
vt 0.387261 0.183428
vt 0.349394 0.229004
vt 0.27366 0.229004
vt 0.349394 0.183428
vt 0.27366 0.229004
vt 0.27366 0.183428
vt 0.349394 0.183428
vt 0.27366 0.229004
vt 0.235794 0.229004
vt 0.27366 0.183428
vt 0.235794 0.229004
vt 0.235794 0.183428
vt 0.27366 0.183428
vt 0.235794 0.229004
vt 0.27366 0.229004
vt 0.235794 0.183428
vt 0.27366 0.229004
vt 0.27366 0.183428
vt 0.235794 0.183428
vt 0.27366 0.229004
vt 0.349394 0.229004
vt 0.27366 0.183428
vt 0.349394 0.229004
vt 0.349394 0.183428
vt 0.27366 0.183428
vt 0.349394 0.229004
vt 0.387261 0.229004
vt 0.349394 0.183428
vt 0.387261 0.229004
vt 0.387261 0.183428
vt 0.349394 0.183428
vt 0.368442 0.320137
vt 0.316535 0.343628
vt 0.316535 0.296647
vt 0.316535 0.343628
vt 0.368442 0.320137
vt 0.316535 0.296647
vt 0.368442 0.273157
vt 0.368442 0.320137
vt 0.316535 0.296647
vt 0.368442 0.320137
vt 0.368442 0.273157
vt 0.316535 0.296647
vt 0.316535 0.249666
vt 0.368442 0.273157
vt 0.316535 0.296647
vt 0.368442 0.273157
vt 0.316535 0.249666
vt 0.316535 0.296647
vt 0.264627 0.273157
vt 0.316535 0.249666
vt 0.316535 0.296647
vt 0.316535 0.249666
vt 0.264627 0.273157
vt 0.316535 0.296647
vt 0.264627 0.320137
vt 0.264627 0.273157
vt 0.316535 0.296647
vt 0.264627 0.273157
vt 0.264627 0.320137
vt 0.316535 0.296647
vt 0.316535 0.343628
vt 0.264627 0.320137
vt 0.316535 0.296647
vt 0.264627 0.320137
vt 0.316535 0.343628
vt 0.316535 0.296647
vt 0.877534 0.841663
vt 0.892789 0.763465
vt 0.932055 0.841663
vt 0.877534 0.841663
vt 0.828726 0.842084
vt 0.829207 0.792788
vt 0.877534 0.841663
vt 0.829207 0.792788
vt 0.892789 0.763465
vt 0.828726 0.842084
vt 0.826971 0.841663
vt 0.829207 0.792788
vt 0.829207 0.792788
vt 0.867767 0.763465
vt 0.892789 0.763465
vt 0.892789 0.763465
vt 0.932517 0.792788
vt 0.932055 0.841663
vt 0.867767 0.763465
vt 0.829207 0.792788
vt 0.826971 0.841663
vt 0.932517 0.792788
vt 0.892789 0.763465
vt 0.867767 0.763465
vt 0.931634 0.842084
vt 0.932055 0.841663
vt 0.932517 0.792788
vt 0.912575 0.973194
vt 0.879853 0.973194
vt 0.932055 0.841663
vt 0.879853 0.973194
vt 0.877534 0.841663
vt 0.932055 0.841663
vt 0.879853 0.973194
vt 0.846859 0.973194
vt 0.877534 0.841663
vt 0.846859 0.973194
vt 0.828726 0.842084
vt 0.877534 0.841663
vt 0.846859 0.973194
vt 0.826194 0.973194
vt 0.828726 0.842084
vt 0.826194 0.973194
vt 0.826971 0.841663
vt 0.828726 0.842084
vt 0.930751 0.973194
vt 0.912575 0.973194
vt 0.931634 0.842084
vt 0.912575 0.973194
vt 0.932055 0.841663
vt 0.931634 0.842084
vt 0.879853 0.973194
vt 0.912575 0.973194
vt 0.879323 0.973194
vt 0.846859 0.973194
vt 0.879853 0.973194
vt 0.879323 0.973194
vt 0.826194 0.973194
vt 0.846859 0.973194
vt 0.879323 0.973194
vt 0.912575 0.973194
vt 0.930751 0.973194
vt 0.879323 0.973194
vt 0.931634 0.842084
vt 0.932517 0.792788
vt 0.930751 0.973194
vt 0.826194 0.973194
vt 0.867767 0.763465
vt 0.826971 0.841663
vt 0.826194 0.973194
vt 0.932517 0.792788
vt 0.867767 0.763465
vt 0.826194 0.973194
vt 0.930751 0.973194
vt 0.932517 0.792788
vt 0.930751 0.973194
vt 0.879323 0.973194
vt 0.826194 0.973194
vt 0.387261 0.229004
vt 0.349394 0.229004
vt 0.387261 0.183428
vt 0.349394 0.229004
vt 0.349394 0.183428
vt 0.387261 0.183428
vt 0.349394 0.229004
vt 0.27366 0.229004
vt 0.349394 0.183428
vt 0.27366 0.229004
vt 0.27366 0.183428
vt 0.349394 0.183428
vt 0.27366 0.229004
vt 0.235794 0.229004
vt 0.27366 0.183428
vt 0.235794 0.229004
vt 0.235794 0.183428
vt 0.27366 0.183428
vt 0.235794 0.229004
vt 0.27366 0.229004
vt 0.235794 0.183428
vt 0.27366 0.229004
vt 0.27366 0.183428
vt 0.235794 0.183428
vt 0.27366 0.229004
vt 0.349394 0.229004
vt 0.27366 0.183428
vt 0.349394 0.229004
vt 0.349394 0.183428
vt 0.27366 0.183428
vt 0.349394 0.229004
vt 0.387261 0.229004
vt 0.349394 0.183428
vt 0.387261 0.229004
vt 0.387261 0.183428
vt 0.349394 0.183428
vt 0.368933 0.320137
vt 0.317026 0.343628
vt 0.317026 0.296647
vt 0.317026 0.343628
vt 0.368933 0.320137
vt 0.317026 0.296647
vt 0.368933 0.273157
vt 0.368933 0.320137
vt 0.317026 0.296647
vt 0.368933 0.320137
vt 0.368933 0.273157
vt 0.317026 0.296647
vt 0.317026 0.249666
vt 0.368933 0.273157
vt 0.317026 0.296647
vt 0.368933 0.273157
vt 0.317026 0.249666
vt 0.317026 0.296647
vt 0.265118 0.273157
vt 0.317026 0.249666
vt 0.317026 0.296647
vt 0.317026 0.249666
vt 0.265118 0.273157
vt 0.317026 0.296647
vt 0.265118 0.320137
vt 0.265118 0.273157
vt 0.317026 0.296647
vt 0.265118 0.273157
vt 0.265118 0.320137
vt 0.317026 0.296647
vt 0.317026 0.343628
vt 0.265118 0.320137
vt 0.317026 0.296647
vt 0.265118 0.320137
vt 0.317026 0.343628
vt 0.317026 0.296647
vt 0.153435 0.267411
vt 0.043863 0.267411
vt 0.153435 0.330466
vt 0.043863 0.267411
vt 0.043863 0.330466
vt 0.153435 0.330466
vt 0.043863 0.267411
vt 0.153435 0.267411
vt 0.043863 0.330466
vt 0.153435 0.267411
vt 0.153435 0.330466
vt 0.043863 0.330466
vt 0.040081 0.478398
vt 0.108988 0.413529
vt 0.040081 0.413529
vt 0.040081 0.478398
vt 0.108988 0.478398
vt 0.108988 0.413529
vt 0.16587 0.345962
vt 0.038699 0.399337
vt 0.16587 0.399337
vt 0.16587 0.345962
vt 0.038699 0.345962
vt 0.038699 0.399337
vt 0.038699 0.345962
vt 0.16587 0.399337
vt 0.038699 0.399337
vt 0.038699 0.345962
vt 0.16587 0.345962
vt 0.16587 0.399337
vt 0.154718 0.33064
vt 0.035934 0.267928
vt 0.154718 0.267928
vt 0.154718 0.33064
vt 0.035934 0.33064
vt 0.035934 0.267928
vt 0.035934 0.33064
vt 0.154718 0.267928
vt 0.035934 0.267928
vt 0.035934 0.33064
vt 0.154718 0.33064
vt 0.154718 0.267928
vt 0.121922 0.411723
vt 0.039934 0.411723
vt 0.121922 0.482983
vt 0.039934 0.411723
vt 0.039934 0.482983
vt 0.121922 0.482983
vt 0.168667 0.397998
vt 0.035934 0.397998
vt 0.168667 0.344622
vt 0.035934 0.397998
vt 0.035934 0.344622
vt 0.168667 0.344622
vt 0.035934 0.397998
vt 0.168667 0.397998
vt 0.035934 0.344622
vt 0.168667 0.397998
vt 0.168667 0.344622
vt 0.035934 0.344622
vt 0.315316 0.596538
vt 0.310085 0.592778
vt 0.314375 0.598799
vt 0.310085 0.592778
vt 0.310085 0.601821
vt 0.314375 0.598799
vt 0.293814 0.592778
vt 0.293814 0.597972
vt 0.293814 0.601821
vt 0.293814 0.597972
vt 0.298659 0.596087
vt 0.293814 0.601821
vt 0.314375 0.598799
vt 0.293814 0.601821
vt 0.298659 0.596087
vt 0.314375 0.598799
vt 0.310085 0.601821
vt 0.293814 0.601821
vt 0.310085 0.592778
vt 0.293814 0.597972
vt 0.293814 0.592778
vt 0.310085 0.592778
vt 0.315316 0.596538
vt 0.293814 0.597972
vt 0.324682 0.574027
vt 0.315316 0.596538
vt 0.323742 0.576288
vt 0.315316 0.596538
vt 0.314375 0.598799
vt 0.323742 0.576288
vt 0.293814 0.597972
vt 0.308966 0.571315
vt 0.298659 0.596087
vt 0.308966 0.571315
vt 0.308026 0.573576
vt 0.298659 0.596087
vt 0.323742 0.576288
vt 0.298659 0.596087
vt 0.308026 0.573576
vt 0.323742 0.576288
vt 0.314375 0.598799
vt 0.298659 0.596087
vt 0.315316 0.596538
vt 0.308966 0.571315
vt 0.293814 0.597972
vt 0.315316 0.596538
vt 0.324682 0.574027
vt 0.308966 0.571315
vt 0.324682 0.574027
vt 0.323742 0.576288
vt 0.325721 0.551291
vt 0.308966 0.571315
vt 0.325721 0.551291
vt 0.308026 0.573576
vt 0.325721 0.551291
vt 0.323742 0.576288
vt 0.308026 0.573576
vt 0.324682 0.574027
vt 0.325721 0.551291
vt 0.308966 0.571315
vt 0.275573 0.598799
vt 0.279863 0.592778
vt 0.274632 0.596538
vt 0.275573 0.598799
vt 0.279863 0.601821
vt 0.279863 0.592778
vt 0.296133 0.601821
vt 0.296133 0.597972
vt 0.296133 0.592778
vt 0.296133 0.601821
vt 0.291289 0.596087
vt 0.296133 0.597972
vt 0.291289 0.596087
vt 0.296133 0.601821
vt 0.275573 0.598799
vt 0.296133 0.601821
vt 0.279863 0.601821
vt 0.275573 0.598799
vt 0.296133 0.592778
vt 0.296133 0.597972
vt 0.279863 0.592778
vt 0.296133 0.597972
vt 0.274632 0.596538
vt 0.279863 0.592778
vt 0.266206 0.576288
vt 0.274632 0.596538
vt 0.265266 0.574027
vt 0.266206 0.576288
vt 0.275573 0.598799
vt 0.274632 0.596538
vt 0.291289 0.596087
vt 0.280982 0.571315
vt 0.296133 0.597972
vt 0.291289 0.596087
vt 0.281922 0.573576
vt 0.280982 0.571315
vt 0.281922 0.573576
vt 0.291289 0.596087
vt 0.266206 0.576288
vt 0.291289 0.596087
vt 0.275573 0.598799
vt 0.266206 0.576288
vt 0.296133 0.597972
vt 0.280982 0.571315
vt 0.274632 0.596538
vt 0.280982 0.571315
vt 0.265266 0.574027
vt 0.274632 0.596538
vt 0.264227 0.551291
vt 0.266206 0.576288
vt 0.265266 0.574027
vt 0.281922 0.573576
vt 0.264227 0.551291
vt 0.280982 0.571315
vt 0.281922 0.573576
vt 0.266206 0.576288
vt 0.264227 0.551291
vt 0.280982 0.571315
vt 0.264227 0.551291
vt 0.265266 0.574027
vt 0.314375 0.598799
vt 0.310085 0.592778
vt 0.315316 0.596538
vt 0.314375 0.598799
vt 0.310085 0.601821
vt 0.310085 0.592778
vt 0.293814 0.601821
vt 0.298659 0.596087
vt 0.293814 0.597972
vt 0.298659 0.596087
vt 0.293814 0.601821
vt 0.314375 0.598799
vt 0.293814 0.601821
vt 0.310085 0.601821
vt 0.314375 0.598799
vt 0.323742 0.576288
vt 0.315316 0.596538
vt 0.324682 0.574027
vt 0.323742 0.576288
vt 0.314375 0.598799
vt 0.315316 0.596538
vt 0.298659 0.596087
vt 0.308966 0.571315
vt 0.293814 0.597972
vt 0.298659 0.596087
vt 0.308026 0.573576
vt 0.308966 0.571315
vt 0.308026 0.573576
vt 0.298659 0.596087
vt 0.323742 0.576288
vt 0.298659 0.596087
vt 0.314375 0.598799
vt 0.323742 0.576288
vt 0.293814 0.597972
vt 0.308966 0.571315
vt 0.315316 0.596538
vt 0.308966 0.571315
vt 0.324682 0.574027
vt 0.315316 0.596538
vt 0.325721 0.551291
vt 0.323742 0.576288
vt 0.324682 0.574027
vt 0.308026 0.573576
vt 0.325721 0.551291
vt 0.308966 0.571315
vt 0.308026 0.573576
vt 0.323742 0.576288
vt 0.325721 0.551291
vt 0.308966 0.571315
vt 0.325721 0.551291
vt 0.324682 0.574027
vt 0.274632 0.596538
vt 0.279863 0.592778
vt 0.275573 0.598799
vt 0.279863 0.592778
vt 0.279863 0.601821
vt 0.275573 0.598799
vt 0.296133 0.597972
vt 0.291289 0.596087
vt 0.296133 0.601821
vt 0.275573 0.598799
vt 0.296133 0.601821
vt 0.291289 0.596087
vt 0.275573 0.598799
vt 0.279863 0.601821
vt 0.296133 0.601821
vt 0.265266 0.574027
vt 0.274632 0.596538
vt 0.266206 0.576288
vt 0.274632 0.596538
vt 0.275573 0.598799
vt 0.266206 0.576288
vt 0.296133 0.597972
vt 0.280982 0.571315
vt 0.291289 0.596087
vt 0.280982 0.571315
vt 0.281922 0.573576
vt 0.291289 0.596087
vt 0.266206 0.576288
vt 0.291289 0.596087
vt 0.281922 0.573576
vt 0.266206 0.576288
vt 0.275573 0.598799
vt 0.291289 0.596087
vt 0.274632 0.596538
vt 0.280982 0.571315
vt 0.296133 0.597972
vt 0.274632 0.596538
vt 0.265266 0.574027
vt 0.280982 0.571315
vt 0.265266 0.574027
vt 0.266206 0.576288
vt 0.264227 0.551291
vt 0.280982 0.571315
vt 0.264227 0.551291
vt 0.281922 0.573576
vt 0.264227 0.551291
vt 0.266206 0.576288
vt 0.281922 0.573576
vt 0.265266 0.574027
vt 0.264227 0.551291
vt 0.280982 0.571315
vt 0.314375 0.598799
vt 0.310085 0.592778
vt 0.315316 0.596538
vt 0.314375 0.598799
vt 0.310085 0.601821
vt 0.310085 0.592778
vt 0.293814 0.601821
vt 0.298659 0.596087
vt 0.293814 0.597972
vt 0.298659 0.596087
vt 0.293814 0.601821
vt 0.314375 0.598799
vt 0.293814 0.601821
vt 0.310085 0.601821
vt 0.314375 0.598799
vt 0.323742 0.576288
vt 0.315316 0.596538
vt 0.324682 0.574027
vt 0.323742 0.576288
vt 0.314375 0.598799
vt 0.315316 0.596538
vt 0.298659 0.596087
vt 0.308966 0.571315
vt 0.293814 0.597972
vt 0.298659 0.596087
vt 0.308026 0.573576
vt 0.308966 0.571315
vt 0.308026 0.573576
vt 0.298659 0.596087
vt 0.323742 0.576288
vt 0.298659 0.596087
vt 0.314375 0.598799
vt 0.323742 0.576288
vt 0.293814 0.597972
vt 0.308966 0.571315
vt 0.315316 0.596538
vt 0.308966 0.571315
vt 0.324682 0.574027
vt 0.315316 0.596538
vt 0.325721 0.551291
vt 0.323742 0.576288
vt 0.324682 0.574027
vt 0.308026 0.573576
vt 0.325721 0.551291
vt 0.308966 0.571315
vt 0.308026 0.573576
vt 0.323742 0.576288
vt 0.325721 0.551291
vt 0.308966 0.571315
vt 0.325721 0.551291
vt 0.324682 0.574027
vt 0.314375 0.598799
vt 0.310085 0.592778
vt 0.315316 0.596538
vt 0.314375 0.598799
vt 0.310085 0.601821
vt 0.310085 0.592778
vt 0.293814 0.601821
vt 0.298659 0.596087
vt 0.293814 0.597972
vt 0.298659 0.596087
vt 0.293814 0.601821
vt 0.314375 0.598799
vt 0.293814 0.601821
vt 0.310085 0.601821
vt 0.314375 0.598799
vt 0.323742 0.576288
vt 0.315316 0.596538
vt 0.324682 0.574027
vt 0.323742 0.576288
vt 0.314375 0.598799
vt 0.315316 0.596538
vt 0.298659 0.596087
vt 0.308966 0.571315
vt 0.293814 0.597972
vt 0.298659 0.596087
vt 0.308026 0.573576
vt 0.308966 0.571315
vt 0.308026 0.573576
vt 0.298659 0.596087
vt 0.323742 0.576288
vt 0.298659 0.596087
vt 0.314375 0.598799
vt 0.323742 0.576288
vt 0.293814 0.597972
vt 0.308966 0.571315
vt 0.315316 0.596538
vt 0.308966 0.571315
vt 0.324682 0.574027
vt 0.315316 0.596538
vt 0.325721 0.551291
vt 0.323742 0.576288
vt 0.324682 0.574027
vt 0.308026 0.573576
vt 0.325721 0.551291
vt 0.308966 0.571315
vt 0.308026 0.573576
vt 0.323742 0.576288
vt 0.325721 0.551291
vt 0.308966 0.571315
vt 0.325721 0.551291
vt 0.324682 0.574027

# 1980 Vertex Normals
vn -0.537832 -0.319168 0.7803
vn -0.272333 0.017873 0.962037
vn -0.142301 0.005749 0.989807
vn -0.142301 0.005749 0.989807
vn -0.00901 -0.216033 0.976345
vn -0.537832 -0.319168 0.7803
vn -0.00901 -0.216033 0.976345
vn -0.142301 0.005749 0.989807
vn 0.346983 0.018613 0.937687
vn 0.346983 0.018613 0.937687
vn 0.458046 -0.303449 0.835532
vn -0.00901 -0.216033 0.976345
vn 0.646786 0.760421 -0.058545
vn 0.476821 0.509986 0.715931
vn 0.881815 -0.063028 0.467365
vn 0.476821 0.509986 0.715931
vn 0.458046 -0.303449 0.835532
vn 0.881815 -0.063028 0.467365
vn 0.476821 0.509986 0.715931
vn 0.018856 0.509928 0.860011
vn 0.458046 -0.303449 0.835532
vn 0.018856 0.509928 0.860011
vn -0.00901 -0.216033 0.976345
vn 0.458046 -0.303449 0.835532
vn 0.018856 0.509928 0.860011
vn -0.621226 0.468681 0.628026
vn -0.00901 -0.216033 0.976345
vn -0.621226 0.468681 0.628026
vn -0.537832 -0.319168 0.7803
vn -0.00901 -0.216033 0.976345
vn -0.621226 0.468681 0.628026
vn -0.702894 0.6957 0.148129
vn -0.537832 -0.319168 0.7803
vn -0.702894 0.6957 0.148129
vn -0.997449 -0.049349 -0.051584
vn -0.537832 -0.319168 0.7803
vn -0.702894 0.6957 0.148129
vn -0.400255 0.738862 -0.542106
vn -0.997449 -0.049349 -0.051584
vn -0.400255 0.738862 -0.542106
vn -0.437492 0.226926 -0.870118
vn -0.997449 -0.049349 -0.051584
vn -0.400255 0.738862 -0.542106
vn 0.011336 0.797573 -0.603116
vn -0.437492 0.226926 -0.870118
vn 0.011336 0.797573 -0.603116
vn 0.110482 0.275717 -0.954869
vn -0.437492 0.226926 -0.870118
vn 0.011336 0.797573 -0.603116
vn 0.340322 0.822055 -0.456515
vn 0.110482 0.275717 -0.954869
vn 0.340322 0.822055 -0.456515
vn 0.556825 0.285346 -0.780079
vn 0.110482 0.275717 -0.954869
vn 0.340322 0.822055 -0.456515
vn 0.646786 0.760421 -0.058545
vn 0.556825 0.285346 -0.780079
vn 0.646786 0.760421 -0.058545
vn 0.881815 -0.063028 0.467365
vn 0.556825 0.285346 -0.780079
vn 0.476821 0.509986 0.715931
vn 0.646786 0.760421 -0.058545
vn -0.00014 0.999996 0.002773
vn 0.881815 -0.063028 0.467365
vn 0.458046 -0.303449 0.835532
vn -0.000205 -0.999926 0.012143
vn 0.018856 0.509928 0.860011
vn 0.476821 0.509986 0.715931
vn -0.00014 0.999996 0.002773
vn 0.458046 -0.303449 0.835532
vn -0.00901 -0.216033 0.976345
vn -0.000205 -0.999926 0.012143
vn -0.621226 0.468681 0.628026
vn 0.018856 0.509928 0.860011
vn -0.00014 0.999996 0.002773
vn -0.00901 -0.216033 0.976345
vn -0.537832 -0.319168 0.7803
vn -0.000205 -0.999926 0.012143
vn -0.702894 0.6957 0.148129
vn -0.621226 0.468681 0.628026
vn -0.00014 0.999996 0.002773
vn -0.537832 -0.319168 0.7803
vn -0.997449 -0.049349 -0.051584
vn -0.000205 -0.999926 0.012143
vn -0.400255 0.738862 -0.542106
vn -0.702894 0.6957 0.148129
vn -0.00014 0.999996 0.002773
vn -0.997449 -0.049349 -0.051584
vn -0.437492 0.226926 -0.870118
vn -0.000205 -0.999926 0.012143
vn 0.011336 0.797573 -0.603116
vn -0.400255 0.738862 -0.542106
vn -0.00014 0.999996 0.002773
vn -0.437492 0.226926 -0.870118
vn 0.110482 0.275717 -0.954869
vn -0.000205 -0.999926 0.012143
vn 0.340322 0.822055 -0.456515
vn 0.011336 0.797573 -0.603116
vn -0.00014 0.999996 0.002773
vn 0.110482 0.275717 -0.954869
vn 0.556825 0.285346 -0.780079
vn -0.000205 -0.999926 0.012143
vn 0.646786 0.760421 -0.058545
vn 0.340322 0.822055 -0.456515
vn -0.00014 0.999996 0.002773
vn 0.556825 0.285346 -0.780079
vn 0.881815 -0.063028 0.467365
vn -0.000205 -0.999926 0.012143
vn -0.142302 0.139311 -0.979971
vn -0.272319 0.147577 -0.950822
vn -0.437492 0.226926 -0.870118
vn -0.437492 0.226926 -0.870118
vn 0.110482 0.275717 -0.954869
vn -0.142302 0.139311 -0.979971
vn 0.346972 0.145023 -0.926595
vn -0.142302 0.139311 -0.979971
vn 0.110482 0.275717 -0.954869
vn 0.110482 0.275717 -0.954869
vn 0.556825 0.285346 -0.780079
vn 0.346972 0.145023 -0.926595
vn 0.901975 0.421311 -0.094545
vn 0.810637 0.188384 0.554418
vn 0.990973 0.133629 0.010784
vn 0.810637 0.188384 0.554418
vn 0.735198 0.029152 0.677226
vn 0.990973 0.133629 0.010784
vn 0.810637 0.188384 0.554418
vn 0.150807 0.010858 0.988504
vn 0.735198 0.029152 0.677226
vn 0.150807 0.010858 0.988504
vn 0.000034 0.00509 0.999987
vn 0.735198 0.029152 0.677226
vn 0.150807 0.010858 0.988504
vn -0.637759 0.109097 0.762471
vn 0.000034 0.00509 0.999987
vn -0.637759 0.109097 0.762471
vn -0.729934 0.094107 0.677009
vn 0.000034 0.00509 0.999987
vn -0.637759 0.109097 0.762471
vn -0.92244 0.363575 0.130065
vn -0.729934 0.094107 0.677009
vn -0.92244 0.363575 0.130065
vn -0.980865 0.193647 0.020137
vn -0.729934 0.094107 0.677009
vn -0.92244 0.363575 0.130065
vn -0.69643 0.563965 -0.443767
vn -0.980865 0.193647 0.020137
vn -0.69643 0.563965 -0.443767
vn -0.734067 0.270008 -0.62309
vn -0.980865 0.193647 0.020137
vn -0.69643 0.563965 -0.443767
vn -0.117569 0.660811 -0.741287
vn -0.734067 0.270008 -0.62309
vn -0.117569 0.660811 -0.741287
vn -0.017938 0.288906 -0.95719
vn -0.734067 0.270008 -0.62309
vn -0.117569 0.660811 -0.741287
vn 0.53682 0.598008 -0.595156
vn -0.017938 0.288906 -0.95719
vn 0.53682 0.598008 -0.595156
vn 0.727416 0.226308 -0.647804
vn -0.017938 0.288906 -0.95719
vn 0.53682 0.598008 -0.595156
vn 0.901975 0.421311 -0.094545
vn 0.727416 0.226308 -0.647804
vn 0.901975 0.421311 -0.094545
vn 0.990973 0.133629 0.010784
vn 0.727416 0.226308 -0.647804
vn 0.990973 0.133629 0.010784
vn 0.735198 0.029152 0.677226
vn 0.999997 0.001631 0.001713
vn 0.735198 0.029152 0.677226
vn 0.74559 0.007625 0.666361
vn 0.999997 0.001631 0.001713
vn 0.735198 0.029152 0.677226
vn 0.000034 0.00509 0.999987
vn 0.74559 0.007625 0.666361
vn 0.000034 0.00509 0.999987
vn 0.00151 -0.000215 0.999999
vn 0.74559 0.007625 0.666361
vn 0.000034 0.00509 0.999987
vn -0.729934 0.094107 0.677009
vn 0.00151 -0.000215 0.999999
vn -0.729934 0.094107 0.677009
vn -0.74564 -0.011658 0.666247
vn 0.00151 -0.000215 0.999999
vn -0.729934 0.094107 0.677009
vn -0.980865 0.193647 0.020137
vn -0.74564 -0.011658 0.666247
vn -0.980865 0.193647 0.020137
vn -0.999865 -0.016194 0.002655
vn -0.74564 -0.011658 0.666247
vn -0.980865 0.193647 0.020137
vn -0.734067 0.270008 -0.62309
vn -0.999865 -0.016194 0.002655
vn -0.734067 0.270008 -0.62309
vn -0.74883 -0.022991 -0.662363
vn -0.999865 -0.016194 0.002655
vn -0.734067 0.270008 -0.62309
vn -0.017938 0.288906 -0.95719
vn -0.74883 -0.022991 -0.662363
vn -0.017938 0.288906 -0.95719
vn 0.002172 -0.024535 -0.999697
vn -0.74883 -0.022991 -0.662363
vn -0.017938 0.288906 -0.95719
vn 0.727416 0.226308 -0.647804
vn 0.002172 -0.024535 -0.999697
vn 0.727416 0.226308 -0.647804
vn 0.748407 -0.011755 -0.663136
vn 0.002172 -0.024535 -0.999697
vn 0.727416 0.226308 -0.647804
vn 0.990973 0.133629 0.010784
vn 0.748407 -0.011755 -0.663136
vn 0.990973 0.133629 0.010784
vn 0.999997 0.001631 0.001713
vn 0.748407 -0.011755 -0.663136
vn 0.999997 0.001631 0.001713
vn 0.74559 0.007625 0.666361
vn 0.999982 -0.006034 0.000379
vn 0.74559 0.007625 0.666361
vn 0.740454 -0.007535 0.672065
vn 0.999982 -0.006034 0.000379
vn 0.74559 0.007625 0.666361
vn 0.00151 -0.000215 0.999999
vn 0.740454 -0.007535 0.672065
vn 0.00151 -0.000215 0.999999
vn 0.0 0.000144 1.0
vn 0.740454 -0.007535 0.672065
vn 0.00151 -0.000215 0.999999
vn -0.74564 -0.011658 0.666247
vn 0.0 0.000144 1.0
vn -0.74564 -0.011658 0.666247
vn -0.740444 0.007691 0.672074
vn 0.0 0.000144 1.0
vn -0.74564 -0.011658 0.666247
vn -0.999865 -0.016194 0.002655
vn -0.740444 0.007691 0.672074
vn -0.999865 -0.016194 0.002655
vn -0.999982 0.006033 0.00039
vn -0.740444 0.007691 0.672074
vn -0.999865 -0.016194 0.002655
vn -0.74883 -0.022991 -0.662363
vn -0.999982 0.006033 0.00039
vn -0.74883 -0.022991 -0.662363
vn -0.740854 0.003097 -0.671659
vn -0.999982 0.006033 0.00039
vn -0.74883 -0.022991 -0.662363
vn 0.002172 -0.024535 -0.999697
vn -0.740854 0.003097 -0.671659
vn 0.002172 -0.024535 -0.999697
vn 0.000017 -0.000142 -1.0
vn -0.740854 0.003097 -0.671659
vn 0.002172 -0.024535 -0.999697
vn 0.748407 -0.011755 -0.663136
vn 0.000017 -0.000142 -1.0
vn 0.748407 -0.011755 -0.663136
vn 0.74086 -0.003253 -0.671652
vn 0.000017 -0.000142 -1.0
vn 0.748407 -0.011755 -0.663136
vn 0.999997 0.001631 0.001713
vn 0.74086 -0.003253 -0.671652
vn 0.999997 0.001631 0.001713
vn 0.999982 -0.006034 0.000379
vn 0.74086 -0.003253 -0.671652
vn 0.999982 -0.006034 0.000379
vn 0.740454 -0.007535 0.672065
vn 0.990979 -0.055372 0.122042
vn 0.740454 -0.007535 0.672065
vn 0.64883 -0.015225 0.760781
vn 0.990979 -0.055372 0.122042
vn 0.740454 -0.007535 0.672065
vn 0.0 0.000144 1.0
vn 0.64883 -0.015225 0.760781
vn 0.0 0.000144 1.0
vn -0.153976 -0.002662 0.988071
vn 0.64883 -0.015225 0.760781
vn 0.0 0.000144 1.0
vn -0.740444 0.007691 0.672074
vn -0.153976 -0.002662 0.988071
vn -0.740444 0.007691 0.672074
vn -0.829559 -0.032618 0.557465
vn -0.153976 -0.002662 0.988071
vn -0.740444 0.007691 0.672074
vn -0.999982 0.006033 0.00039
vn -0.829559 -0.032618 0.557465
vn -0.999982 0.006033 0.00039
vn -0.990155 -0.069859 -0.121298
vn -0.829559 -0.032618 0.557465
vn -0.999982 0.006033 0.00039
vn -0.740854 0.003097 -0.671659
vn -0.990155 -0.069859 -0.121298
vn -0.740854 0.003097 -0.671659
vn -0.646294 -0.096015 -0.757024
vn -0.990155 -0.069859 -0.121298
vn -0.740854 0.003097 -0.671659
vn 0.000017 -0.000142 -1.0
vn -0.646294 -0.096015 -0.757024
vn 0.000017 -0.000142 -1.0
vn 0.153044 -0.105833 -0.982536
vn -0.646294 -0.096015 -0.757024
vn 0.000017 -0.000142 -1.0
vn 0.74086 -0.003253 -0.671652
vn 0.153044 -0.105833 -0.982536
vn 0.74086 -0.003253 -0.671652
vn 0.826963 -0.089533 -0.555082
vn 0.153044 -0.105833 -0.982536
vn 0.74086 -0.003253 -0.671652
vn 0.999982 -0.006034 0.000379
vn 0.826963 -0.089533 -0.555082
vn 0.999982 -0.006034 0.000379
vn 0.990979 -0.055372 0.122042
vn 0.826963 -0.089533 -0.555082
vn -0.990973 0.13363 0.010784
vn -0.810637 0.188384 0.554418
vn -0.901975 0.421311 -0.094545
vn -0.990973 0.13363 0.010784
vn -0.735198 0.029152 0.677226
vn -0.810637 0.188384 0.554418
vn -0.735198 0.029152 0.677226
vn -0.150807 0.010858 0.988504
vn -0.810637 0.188384 0.554418
vn -0.735198 0.029152 0.677226
vn -0.000034 0.00509 0.999987
vn -0.150807 0.010858 0.988504
vn -0.000034 0.00509 0.999987
vn 0.637759 0.109097 0.762471
vn -0.150807 0.010858 0.988504
vn -0.000034 0.00509 0.999987
vn 0.729934 0.094107 0.677009
vn 0.637759 0.109097 0.762471
vn 0.729934 0.094107 0.677009
vn 0.92244 0.363575 0.130065
vn 0.637759 0.109097 0.762471
vn 0.729934 0.094107 0.677009
vn 0.980865 0.193647 0.020137
vn 0.92244 0.363575 0.130065
vn 0.980865 0.193647 0.020137
vn 0.69643 0.563965 -0.443767
vn 0.92244 0.363575 0.130065
vn 0.980865 0.193647 0.020137
vn 0.734067 0.270008 -0.62309
vn 0.69643 0.563965 -0.443767
vn 0.734067 0.270008 -0.62309
vn 0.117569 0.660811 -0.741287
vn 0.69643 0.563965 -0.443767
vn 0.734067 0.270008 -0.62309
vn 0.017938 0.288906 -0.95719
vn 0.117569 0.660811 -0.741287
vn 0.017938 0.288906 -0.95719
vn -0.53682 0.598008 -0.595156
vn 0.117569 0.660811 -0.741287
vn 0.017938 0.288906 -0.95719
vn -0.727416 0.226308 -0.647804
vn -0.53682 0.598008 -0.595156
vn -0.727416 0.226308 -0.647804
vn -0.901975 0.421311 -0.094545
vn -0.53682 0.598008 -0.595156
vn -0.727416 0.226308 -0.647804
vn -0.990973 0.13363 0.010784
vn -0.901975 0.421311 -0.094545
vn -0.999997 0.001631 0.001713
vn -0.735198 0.029152 0.677226
vn -0.990973 0.13363 0.010784
vn -0.999997 0.001631 0.001713
vn -0.74559 0.007625 0.666361
vn -0.735198 0.029152 0.677226
vn -0.74559 0.007625 0.666361
vn -0.000034 0.00509 0.999987
vn -0.735198 0.029152 0.677226
vn -0.74559 0.007625 0.666361
vn -0.00151 -0.000215 0.999999
vn -0.000034 0.00509 0.999987
vn -0.00151 -0.000215 0.999999
vn 0.729934 0.094107 0.677009
vn -0.000034 0.00509 0.999987
vn -0.00151 -0.000215 0.999999
vn 0.74564 -0.011658 0.666247
vn 0.729934 0.094107 0.677009
vn 0.74564 -0.011658 0.666247
vn 0.980865 0.193647 0.020137
vn 0.729934 0.094107 0.677009
vn 0.74564 -0.011658 0.666247
vn 0.999865 -0.016194 0.002655
vn 0.980865 0.193647 0.020137
vn 0.999865 -0.016194 0.002655
vn 0.734067 0.270008 -0.62309
vn 0.980865 0.193647 0.020137
vn 0.999865 -0.016194 0.002655
vn 0.74883 -0.022991 -0.662363
vn 0.734067 0.270008 -0.62309
vn 0.74883 -0.022991 -0.662363
vn 0.017938 0.288906 -0.95719
vn 0.734067 0.270008 -0.62309
vn 0.74883 -0.022991 -0.662363
vn -0.002172 -0.024535 -0.999697
vn 0.017938 0.288906 -0.95719
vn -0.002172 -0.024535 -0.999697
vn -0.727416 0.226308 -0.647804
vn 0.017938 0.288906 -0.95719
vn -0.002172 -0.024535 -0.999697
vn -0.748407 -0.011755 -0.663136
vn -0.727416 0.226308 -0.647804
vn -0.748407 -0.011755 -0.663136
vn -0.990973 0.13363 0.010784
vn -0.727416 0.226308 -0.647804
vn -0.748407 -0.011755 -0.663136
vn -0.999997 0.001631 0.001713
vn -0.990973 0.13363 0.010784
vn -0.999982 -0.006034 0.000379
vn -0.74559 0.007625 0.666361
vn -0.999997 0.001631 0.001713
vn -0.999982 -0.006034 0.000379
vn -0.740454 -0.007535 0.672065
vn -0.74559 0.007625 0.666361
vn -0.740454 -0.007535 0.672065
vn -0.00151 -0.000215 0.999999
vn -0.74559 0.007625 0.666361
vn -0.740454 -0.007535 0.672065
vn -0.0 0.000144 1.0
vn -0.00151 -0.000215 0.999999
vn -0.0 0.000144 1.0
vn 0.74564 -0.011658 0.666247
vn -0.00151 -0.000215 0.999999
vn -0.0 0.000144 1.0
vn 0.740444 0.007691 0.672074
vn 0.74564 -0.011658 0.666247
vn 0.740444 0.007691 0.672074
vn 0.999865 -0.016194 0.002655
vn 0.74564 -0.011658 0.666247
vn 0.740444 0.007691 0.672074
vn 0.999982 0.006033 0.00039
vn 0.999865 -0.016194 0.002655
vn 0.999982 0.006033 0.00039
vn 0.74883 -0.022991 -0.662363
vn 0.999865 -0.016194 0.002655
vn 0.999982 0.006033 0.00039
vn 0.740854 0.003097 -0.671659
vn 0.74883 -0.022991 -0.662363
vn 0.740854 0.003097 -0.671659
vn -0.002172 -0.024535 -0.999697
vn 0.74883 -0.022991 -0.662363
vn 0.740854 0.003097 -0.671659
vn -0.000017 -0.000142 -1.0
vn -0.002172 -0.024535 -0.999697
vn -0.000017 -0.000142 -1.0
vn -0.748407 -0.011755 -0.663136
vn -0.002172 -0.024535 -0.999697
vn -0.000017 -0.000142 -1.0
vn -0.74086 -0.003253 -0.671652
vn -0.748407 -0.011755 -0.663136
vn -0.74086 -0.003253 -0.671652
vn -0.999997 0.001631 0.001713
vn -0.748407 -0.011755 -0.663136
vn -0.74086 -0.003253 -0.671652
vn -0.999982 -0.006034 0.000379
vn -0.999997 0.001631 0.001713
vn -0.990979 -0.055372 0.122043
vn -0.740454 -0.007535 0.672065
vn -0.999982 -0.006034 0.000379
vn -0.990979 -0.055372 0.122043
vn -0.64883 -0.015225 0.760781
vn -0.740454 -0.007535 0.672065
vn -0.64883 -0.015225 0.760781
vn -0.0 0.000144 1.0
vn -0.740454 -0.007535 0.672065
vn -0.64883 -0.015225 0.760781
vn 0.153976 -0.002662 0.988071
vn -0.0 0.000144 1.0
vn 0.153976 -0.002662 0.988071
vn 0.740444 0.007691 0.672074
vn -0.0 0.000144 1.0
vn 0.153976 -0.002662 0.988071
vn 0.829559 -0.032618 0.557466
vn 0.740444 0.007691 0.672074
vn 0.829559 -0.032618 0.557466
vn 0.999982 0.006033 0.00039
vn 0.740444 0.007691 0.672074
vn 0.829559 -0.032618 0.557466
vn 0.990155 -0.069859 -0.121298
vn 0.999982 0.006033 0.00039
vn 0.990155 -0.069859 -0.121298
vn 0.740854 0.003097 -0.671659
vn 0.999982 0.006033 0.00039
vn 0.990155 -0.069859 -0.121298
vn 0.646294 -0.096015 -0.757024
vn 0.740854 0.003097 -0.671659
vn 0.646294 -0.096015 -0.757024
vn -0.000017 -0.000142 -1.0
vn 0.740854 0.003097 -0.671659
vn 0.646294 -0.096015 -0.757024
vn -0.153044 -0.105833 -0.982536
vn -0.000017 -0.000142 -1.0
vn -0.153044 -0.105833 -0.982536
vn -0.74086 -0.003253 -0.671652
vn -0.000017 -0.000142 -1.0
vn -0.153044 -0.105833 -0.982536
vn -0.826963 -0.089533 -0.555082
vn -0.74086 -0.003253 -0.671652
vn -0.826963 -0.089533 -0.555082
vn -0.999982 -0.006034 0.000379
vn -0.74086 -0.003253 -0.671652
vn -0.826963 -0.089533 -0.555082
vn -0.990979 -0.055372 0.122043
vn -0.999982 -0.006034 0.000379
vn 0.768793 0.625731 -0.131976
vn 0.54286 0.26455 0.797067
vn -0.054548 0.998322 0.019454
vn 0.54286 0.26455 0.797067
vn -0.051103 0.382403 0.922581
vn -0.054548 0.998322 0.019454
vn 0.54286 0.26455 0.797067
vn 0.640001 -0.516672 0.568725
vn -0.051103 0.382403 0.922581
vn 0.640001 -0.516672 0.568725
vn -0.067962 -0.800499 0.595468
vn -0.051103 0.382403 0.922581
vn 0.640001 -0.516672 0.568725
vn 0.128148 -0.838645 -0.529389
vn -0.067962 -0.800499 0.595468
vn 0.128148 -0.838645 -0.529389
vn -0.039983 -0.670996 -0.740382
vn -0.067962 -0.800499 0.595468
vn 0.128148 -0.838645 -0.529389
vn -0.005864 0.151301 -0.98847
vn -0.039983 -0.670996 -0.740382
vn -0.005864 0.151301 -0.98847
vn -0.032088 0.336627 -0.941091
vn -0.039983 -0.670996 -0.740382
vn -0.005864 0.151301 -0.98847
vn 0.768793 0.625731 -0.131976
vn -0.032088 0.336627 -0.941091
vn 0.768793 0.625731 -0.131976
vn -0.054548 0.998322 0.019454
vn -0.032088 0.336627 -0.941091
vn -0.054548 0.998322 0.019454
vn -0.051103 0.382403 0.922581
vn 0.294249 0.934636 0.199684
vn -0.051103 0.382403 0.922581
vn 0.604765 0.076824 0.79269
vn 0.294249 0.934636 0.199684
vn -0.051103 0.382403 0.922581
vn -0.067962 -0.800499 0.595468
vn 0.604765 0.076824 0.79269
vn -0.067962 -0.800499 0.595468
vn 0.307408 -0.859758 -0.407819
vn 0.604765 0.076824 0.79269
vn -0.067962 -0.800499 0.595468
vn -0.039983 -0.670996 -0.740382
vn 0.307408 -0.859758 -0.407819
vn -0.039983 -0.670996 -0.740382
vn -0.032088 0.336627 -0.941091
vn 0.307408 -0.859758 -0.407819
vn -0.032088 0.336627 -0.941091
vn 0.61566 0.432914 -0.658444
vn 0.307408 -0.859758 -0.407819
vn -0.032088 0.336627 -0.941091
vn -0.054548 0.998322 0.019454
vn 0.61566 0.432914 -0.658444
vn -0.054548 0.998322 0.019454
vn 0.294249 0.934636 0.199684
vn 0.61566 0.432914 -0.658444
vn 0.294249 0.934636 0.199684
vn 0.604765 0.076824 0.79269
vn 0.61566 0.432914 -0.658444
vn 0.604765 0.076824 0.79269
vn 0.307408 -0.859758 -0.407819
vn 0.61566 0.432914 -0.658444
vn 0.618411 -0.125084 -0.775836
vn 0.865735 0.178772 0.467487
vn 0.768793 0.625731 -0.131976
vn 0.865735 0.178772 0.467487
vn 0.54286 0.26455 0.797067
vn 0.768793 0.625731 -0.131976
vn 0.865735 0.178772 0.467487
vn 0.806118 -0.202061 0.556189
vn 0.54286 0.26455 0.797067
vn 0.806118 -0.202061 0.556189
vn 0.640001 -0.516672 0.568725
vn 0.54286 0.26455 0.797067
vn 0.806118 -0.202061 0.556189
vn 0.753052 -0.055825 -0.655588
vn 0.640001 -0.516672 0.568725
vn 0.753052 -0.055825 -0.655588
vn 0.128148 -0.838645 -0.529389
vn 0.640001 -0.516672 0.568725
vn 0.753052 -0.055825 -0.655588
vn 0.618411 -0.125084 -0.775836
vn 0.128148 -0.838645 -0.529389
vn 0.618411 -0.125084 -0.775836
vn -0.005864 0.151301 -0.98847
vn 0.128148 -0.838645 -0.529389
vn 0.618411 -0.125084 -0.775836
vn 0.768793 0.625731 -0.131976
vn -0.005864 0.151301 -0.98847
vn 0.753052 -0.055825 -0.655588
vn 0.806118 -0.202061 0.556189
vn 0.646786 0.760421 -0.058545
vn 0.806118 -0.202061 0.556189
vn 0.476821 0.509986 0.715931
vn 0.646786 0.760421 -0.058545
vn 0.806118 -0.202061 0.556189
vn 0.016118 -0.218412 0.975723
vn 0.476821 0.509986 0.715931
vn 0.016118 -0.218412 0.975723
vn 0.018856 0.509928 0.860011
vn 0.476821 0.509986 0.715931
vn 0.016118 -0.218412 0.975723
vn -0.777606 -0.173368 0.604377
vn 0.018856 0.509928 0.860011
vn -0.777606 -0.173368 0.604377
vn -0.621226 0.468681 0.628026
vn 0.018856 0.509928 0.860011
vn -0.777606 -0.173368 0.604377
vn -0.824082 -0.083496 -0.560284
vn -0.621226 0.468681 0.628026
vn -0.824082 -0.083496 -0.560284
vn -0.702894 0.6957 0.148129
vn -0.621226 0.468681 0.628026
vn -0.824082 -0.083496 -0.560284
vn -0.400255 0.738862 -0.542106
vn -0.702894 0.6957 0.148129
vn -0.824082 -0.083496 -0.560284
vn -0.010165 0.036565 -0.99928
vn -0.400255 0.738862 -0.542106
vn -0.010165 0.036565 -0.99928
vn 0.011336 0.797573 -0.603116
vn -0.400255 0.738862 -0.542106
vn -0.010165 0.036565 -0.99928
vn 0.753052 -0.055825 -0.655588
vn 0.011336 0.797573 -0.603116
vn 0.753052 -0.055825 -0.655588
vn 0.340322 0.822055 -0.456515
vn 0.011336 0.797573 -0.603116
vn 0.753052 -0.055825 -0.655588
vn 0.646786 0.760421 -0.058545
vn 0.340322 0.822055 -0.456515
vn 0.052722 0.998414 0.019748
vn -0.488631 0.266096 0.830923
vn -0.716021 0.685298 -0.132966
vn 0.052722 0.998414 0.019748
vn 0.048818 0.378212 0.924431
vn -0.488631 0.266096 0.830923
vn 0.048818 0.378212 0.924431
vn -0.610338 -0.534124 0.584977
vn -0.488631 0.266096 0.830923
vn 0.048818 0.378212 0.924431
vn 0.071171 -0.796978 0.599801
vn -0.610338 -0.534124 0.584977
vn 0.071171 -0.796978 0.599801
vn -0.093081 -0.801045 -0.591323
vn -0.610338 -0.534124 0.584977
vn 0.071171 -0.796978 0.599801
vn 0.04348 -0.666412 -0.744315
vn -0.093081 -0.801045 -0.591323
vn 0.04348 -0.666412 -0.744315
vn 0.005326 0.127785 -0.991788
vn -0.093081 -0.801045 -0.591323
vn 0.04348 -0.666412 -0.744315
vn 0.032079 0.332715 -0.942481
vn 0.005326 0.127785 -0.991788
vn 0.032079 0.332715 -0.942481
vn -0.716021 0.685298 -0.132966
vn 0.005326 0.127785 -0.991788
vn 0.032079 0.332715 -0.942481
vn 0.052722 0.998414 0.019748
vn -0.716021 0.685298 -0.132966
vn -0.301663 0.930801 0.206419
vn 0.048818 0.378212 0.924431
vn 0.052722 0.998414 0.019748
vn -0.301663 0.930801 0.206419
vn -0.60136 0.080803 0.794882
vn 0.048818 0.378212 0.924431
vn -0.60136 0.080803 0.794882
vn 0.071171 -0.796978 0.599801
vn 0.048818 0.378212 0.924431
vn -0.60136 0.080803 0.794882
vn -0.304358 -0.857415 -0.414976
vn 0.071171 -0.796978 0.599801
vn -0.304358 -0.857415 -0.414976
vn 0.04348 -0.666412 -0.744315
vn 0.071171 -0.796978 0.599801
vn -0.304358 -0.857415 -0.414976
vn 0.032079 0.332715 -0.942481
vn 0.04348 -0.666412 -0.744315
vn -0.304358 -0.857415 -0.414976
vn -0.612717 0.427571 -0.664651
vn 0.032079 0.332715 -0.942481
vn -0.612717 0.427571 -0.664651
vn 0.052722 0.998414 0.019748
vn 0.032079 0.332715 -0.942481
vn -0.612717 0.427571 -0.664651
vn -0.301663 0.930801 0.206419
vn 0.052722 0.998414 0.019748
vn -0.612717 0.427571 -0.664651
vn -0.60136 0.080803 0.794882
vn -0.301663 0.930801 0.206419
vn -0.612717 0.427571 -0.664651
vn -0.304358 -0.857415 -0.414976
vn -0.60136 0.080803 0.794882
vn -0.716021 0.685298 -0.132966
vn -0.903698 0.131275 0.40755
vn -0.615837 -0.016804 -0.787694
vn -0.716021 0.685298 -0.132966
vn -0.488631 0.266096 0.830923
vn -0.903698 0.131275 0.40755
vn -0.488631 0.266096 0.830923
vn -0.777606 -0.173368 0.604377
vn -0.903698 0.131275 0.40755
vn -0.488631 0.266096 0.830923
vn -0.610338 -0.534124 0.584977
vn -0.777606 -0.173368 0.604377
vn -0.610338 -0.534124 0.584977
vn -0.824082 -0.083496 -0.560284
vn -0.777606 -0.173368 0.604377
vn -0.610338 -0.534124 0.584977
vn -0.093081 -0.801045 -0.591323
vn -0.824082 -0.083496 -0.560284
vn -0.093081 -0.801045 -0.591323
vn -0.615837 -0.016804 -0.787694
vn -0.824082 -0.083496 -0.560284
vn -0.093081 -0.801045 -0.591323
vn 0.005326 0.127785 -0.991788
vn -0.615837 -0.016804 -0.787694
vn 0.005326 0.127785 -0.991788
vn -0.716021 0.685298 -0.132966
vn -0.615837 -0.016804 -0.787694
vn 0.086395 0.02533 0.995939
vn -0.513976 -0.030709 0.857255
vn 0.016118 -0.218412 0.975723
vn -0.513976 -0.030709 0.857255
vn -0.777606 -0.173368 0.604377
vn 0.016118 -0.218412 0.975723
vn -0.615837 -0.016804 -0.787694
vn -0.111138 -0.103856 -0.988364
vn -0.824082 -0.083496 -0.560284
vn -0.111138 -0.103856 -0.988364
vn -0.010165 0.036565 -0.99928
vn -0.824082 -0.083496 -0.560284
vn -0.111138 -0.103856 -0.988364
vn 0.618411 -0.125084 -0.775836
vn -0.010165 0.036565 -0.99928
vn 0.618411 -0.125084 -0.775836
vn 0.753052 -0.055825 -0.655588
vn -0.010165 0.036565 -0.99928
vn 0.734087 -0.072967 0.675124
vn 0.086395 0.02533 0.995939
vn 0.806118 -0.202061 0.556189
vn 0.086395 0.02533 0.995939
vn 0.016118 -0.218412 0.975723
vn 0.806118 -0.202061 0.556189
vn -0.08334 0.558018 0.825633
vn -0.513976 -0.030709 0.857255
vn 0.086395 0.02533 0.995939
vn -0.08334 0.558018 0.825633
vn -0.903698 0.131275 0.40755
vn -0.513976 -0.030709 0.857255
vn 0.865735 0.178772 0.467487
vn 0.086395 0.02533 0.995939
vn 0.734087 -0.072967 0.675124
vn 0.865735 0.178772 0.467487
vn -0.08334 0.558018 0.825633
vn 0.086395 0.02533 0.995939
vn 0.734087 -0.072967 0.675124
vn 0.806118 -0.202061 0.556189
vn 0.865735 0.178772 0.467487
vn -0.903698 0.131275 0.40755
vn -0.777606 -0.173368 0.604377
vn -0.513976 -0.030709 0.857255
vn 0.04213 -0.219876 -0.974618
vn -0.223434 -0.233271 -0.946394
vn -0.034641 0.868607 -0.49429
vn -0.223434 -0.233271 -0.946394
vn -0.264746 0.856523 -0.443033
vn -0.034641 0.868607 -0.49429
vn -0.223434 -0.233271 -0.946394
vn -0.55296 -0.300081 -0.777294
vn -0.264746 0.856523 -0.443033
vn -0.55296 -0.300081 -0.777294
vn -0.552836 0.805387 -0.213832
vn -0.264746 0.856523 -0.443033
vn -0.55296 -0.300081 -0.777294
vn -0.866962 -0.429834 -0.252229
vn -0.552836 0.805387 -0.213832
vn -0.866962 -0.429834 -0.252229
vn -0.6852 0.686888 0.242252
vn -0.552836 0.805387 -0.213832
vn -0.866962 -0.429834 -0.252229
vn -0.758401 -0.494777 0.424293
vn -0.6852 0.686888 0.242252
vn -0.758401 -0.494777 0.424293
vn -0.524827 0.034817 0.850497
vn -0.6852 0.686888 0.242252
vn -0.758401 -0.494777 0.424293
vn -0.261547 -0.428722 0.864749
vn -0.524827 0.034817 0.850497
vn -0.261547 -0.428722 0.864749
vn 0.041824 0.476939 0.877941
vn -0.524827 0.034817 0.850497
vn -0.261547 -0.428722 0.864749
vn 0.00541 -0.309071 0.951024
vn 0.041824 0.476939 0.877941
vn 0.00541 -0.309071 0.951024
vn 0.03538 0.489922 0.871048
vn 0.041824 0.476939 0.877941
vn 0.00541 -0.309071 0.951024
vn 0.060671 -0.388905 0.919278
vn 0.03538 0.489922 0.871048
vn 0.060671 -0.388905 0.919278
vn -0.151585 0.988261 0.019053
vn 0.03538 0.489922 0.871048
vn -0.151585 0.988261 0.019053
vn 0.848342 -0.520205 0.0985
vn 0.060671 -0.388905 0.919278
vn -0.151585 0.988261 0.019053
vn 0.865094 0.501327 -0.016846
vn 0.848342 -0.520205 0.0985
vn 0.848342 -0.520205 0.0985
vn 0.882806 -0.469102 -0.024426
vn 0.865094 0.501327 -0.016846
vn 0.882806 -0.469102 -0.024426
vn 0.916495 0.37408 -0.141779
vn 0.865094 0.501327 -0.016846
vn 0.882806 -0.469102 -0.024426
vn 0.67954 -0.336086 -0.652129
vn 0.916495 0.37408 -0.141779
vn 0.67954 -0.336086 -0.652129
vn 0.451706 0.833549 -0.318052
vn 0.916495 0.37408 -0.141779
vn 0.67954 -0.336086 -0.652129
vn 0.320582 -0.245996 -0.91472
vn 0.451706 0.833549 -0.318052
vn 0.320582 -0.245996 -0.91472
vn 0.184525 0.863585 -0.469224
vn 0.451706 0.833549 -0.318052
vn 0.320582 -0.245996 -0.91472
vn 0.04213 -0.219876 -0.974618
vn 0.184525 0.863585 -0.469224
vn 0.04213 -0.219876 -0.974618
vn -0.034641 0.868607 -0.49429
vn 0.184525 0.863585 -0.469224
vn 0.049664 -0.908076 0.41585
vn -0.132989 -0.910006 0.392686
vn 0.025789 0.660448 0.750429
vn 0.049664 -0.908076 0.41585
vn 0.025789 0.660448 0.750429
vn 0.193076 0.676255 0.710916
vn 0.260775 -0.883456 0.389233
vn 0.049664 -0.908076 0.41585
vn 0.193076 0.676255 0.710916
vn 0.260775 -0.883456 0.389233
vn 0.193076 0.676255 0.710916
vn 0.405117 0.732112 0.547624
vn 0.459309 -0.840934 0.286121
vn 0.260775 -0.883456 0.389233
vn 0.405117 0.732112 0.547624
vn 0.459309 -0.840934 0.286121
vn 0.405117 0.732112 0.547624
vn 0.784085 0.599969 0.158896
vn 0.654429 -0.571964 0.49455
vn 0.459309 -0.840934 0.286121
vn 0.784085 0.599969 0.158896
vn 0.654429 -0.571964 0.49455
vn 0.784085 0.599969 0.158896
vn 0.452025 0.741599 -0.495685
vn -0.79625 -0.560521 -0.227603
vn 0.654429 -0.571964 0.49455
vn 0.452025 0.741599 -0.495685
vn -0.79625 -0.560521 -0.227603
vn 0.452025 0.741599 -0.495685
vn -0.042887 0.877976 -0.476781
vn -0.125385 -0.950239 -0.285175
vn -0.79625 -0.560521 -0.227603
vn -0.042887 0.877976 -0.476781
vn -0.125385 -0.950239 -0.285175
vn -0.042887 0.877976 -0.476781
vn -0.033084 0.872989 -0.486617
vn 0.686329 -0.614061 -0.38972
vn -0.125385 -0.950239 -0.285175
vn -0.033084 0.872989 -0.486617
vn 0.686329 -0.614061 -0.38972
vn -0.033084 0.872989 -0.486617
vn -0.034334 0.892806 -0.449131
vn 0.370301 -0.609621 -0.700885
vn 0.686329 -0.614061 -0.38972
vn -0.034334 0.892806 -0.449131
vn 0.370301 -0.609621 -0.700885
vn -0.034334 0.892806 -0.449131
vn -0.585105 0.742495 -0.326117
vn -0.615471 -0.708445 -0.3454
vn 0.370301 -0.609621 -0.700885
vn -0.585105 0.742495 -0.326117
vn -0.615471 -0.708445 -0.3454
vn -0.585105 0.742495 -0.326117
vn -0.506529 0.770705 0.386578
vn -0.631247 -0.775251 0.022653
vn -0.615471 -0.708445 -0.3454
vn -0.506529 0.770705 0.386578
vn -0.631247 -0.775251 0.022653
vn -0.506529 0.770705 0.386578
vn -0.328359 0.711176 0.621618
vn -0.352483 -0.879508 0.319722
vn -0.631247 -0.775251 0.022653
vn -0.328359 0.711176 0.621618
vn -0.352483 -0.879508 0.319722
vn -0.328359 0.711176 0.621618
vn -0.134199 0.66898 0.731066
vn -0.132989 -0.910006 0.392686
vn -0.352483 -0.879508 0.319722
vn -0.134199 0.66898 0.731066
vn -0.132989 -0.910006 0.392686
vn -0.134199 0.66898 0.731066
vn 0.025789 0.660448 0.750429
vn -0.223434 -0.233271 -0.946394
vn 0.04213 -0.219876 -0.974618
vn -0.132989 -0.910006 0.392686
vn -0.223434 -0.233271 -0.946394
vn -0.132989 -0.910006 0.392686
vn 0.049664 -0.908076 0.41585
vn -0.034641 0.868607 -0.49429
vn -0.264746 0.856523 -0.443033
vn 0.025789 0.660448 0.750429
vn -0.264746 0.856523 -0.443033
vn 0.193076 0.676255 0.710916
vn 0.025789 0.660448 0.750429
vn -0.55296 -0.300081 -0.777294
vn -0.223434 -0.233271 -0.946394
vn 0.049664 -0.908076 0.41585
vn -0.55296 -0.300081 -0.777294
vn 0.049664 -0.908076 0.41585
vn 0.260775 -0.883456 0.389233
vn -0.264746 0.856523 -0.443033
vn -0.552836 0.805387 -0.213832
vn 0.193076 0.676255 0.710916
vn -0.552836 0.805387 -0.213832
vn 0.405117 0.732112 0.547624
vn 0.193076 0.676255 0.710916
vn -0.866962 -0.429834 -0.252229
vn -0.55296 -0.300081 -0.777294
vn 0.260775 -0.883456 0.389233
vn -0.866962 -0.429834 -0.252229
vn 0.260775 -0.883456 0.389233
vn 0.459309 -0.840934 0.286121
vn -0.552836 0.805387 -0.213832
vn -0.6852 0.686888 0.242252
vn 0.405117 0.732112 0.547624
vn -0.6852 0.686888 0.242252
vn 0.784085 0.599969 0.158896
vn 0.405117 0.732112 0.547624
vn -0.758401 -0.494777 0.424293
vn -0.866962 -0.429834 -0.252229
vn 0.459309 -0.840934 0.286121
vn -0.758401 -0.494777 0.424293
vn 0.459309 -0.840934 0.286121
vn 0.654429 -0.571964 0.49455
vn -0.6852 0.686888 0.242252
vn -0.524827 0.034817 0.850497
vn 0.784085 0.599969 0.158896
vn -0.477626 -0.669557 0.568829
vn 0.541614 0.05064 -0.839101
vn 0.926239 0.366617 0.087599
vn -0.261547 -0.428722 0.864749
vn -0.758401 -0.494777 0.424293
vn 0.654429 -0.571964 0.49455
vn -0.261547 -0.428722 0.864749
vn 0.654429 -0.571964 0.49455
vn -0.79625 -0.560521 -0.227603
vn -0.524827 0.034817 0.850497
vn 0.041824 0.476939 0.877941
vn 0.452025 0.741599 -0.495685
vn 0.041824 0.476939 0.877941
vn -0.042887 0.877976 -0.476781
vn 0.452025 0.741599 -0.495685
vn 0.00541 -0.309071 0.951024
vn -0.261547 -0.428722 0.864749
vn -0.79625 -0.560521 -0.227603
vn 0.00541 -0.309071 0.951024
vn -0.79625 -0.560521 -0.227603
vn -0.125385 -0.950239 -0.285175
vn 0.041824 0.476939 0.877941
vn 0.03538 0.489922 0.871048
vn -0.042887 0.877976 -0.476781
vn 0.03538 0.489922 0.871048
vn -0.033084 0.872989 -0.486617
vn -0.042887 0.877976 -0.476781
vn 0.060671 -0.388905 0.919278
vn 0.00541 -0.309071 0.951024
vn -0.125385 -0.950239 -0.285175
vn 0.060671 -0.388905 0.919278
vn -0.125385 -0.950239 -0.285175
vn 0.686329 -0.614061 -0.38972
vn 0.03538 0.489922 0.871048
vn -0.151585 0.988261 0.019053
vn -0.033084 0.872989 -0.486617
vn -0.151585 0.988261 0.019053
vn -0.034334 0.892806 -0.449131
vn -0.033084 0.872989 -0.486617
vn 0.848342 -0.520205 0.0985
vn 0.060671 -0.388905 0.919278
vn 0.686329 -0.614061 -0.38972
vn 0.848342 -0.520205 0.0985
vn 0.686329 -0.614061 -0.38972
vn 0.370301 -0.609621 -0.700885
vn -0.151585 0.988261 0.019053
vn 0.685463 0.723464 0.0821
vn -0.034334 0.892806 -0.449131
vn 0.685463 0.723464 0.0821
vn -0.465193 0.867066 -0.178304
vn -0.034334 0.892806 -0.449131
vn 0.882806 -0.469102 -0.024426
vn 0.848342 -0.520205 0.0985
vn 0.370301 -0.609621 -0.700885
vn 0.882806 -0.469102 -0.024426
vn 0.370301 -0.609621 -0.700885
vn -0.615471 -0.708445 -0.3454
vn 0.902621 -0.336064 -0.268955
vn 0.967029 0.060689 -0.247328
vn -0.739987 0.05856 -0.670067
vn 0.797894 0.601276 -0.042797
vn -0.506529 0.770705 0.386578
vn -0.465193 0.867066 -0.178304
vn 0.67954 -0.336086 -0.652129
vn 0.882806 -0.469102 -0.024426
vn -0.615471 -0.708445 -0.3454
vn 0.67954 -0.336086 -0.652129
vn -0.615471 -0.708445 -0.3454
vn -0.631247 -0.775251 0.022653
vn 0.916495 0.37408 -0.141779
vn 0.451706 0.833549 -0.318052
vn -0.506529 0.770705 0.386578
vn 0.451706 0.833549 -0.318052
vn -0.328359 0.711176 0.621618
vn -0.506529 0.770705 0.386578
vn 0.320582 -0.245996 -0.91472
vn 0.67954 -0.336086 -0.652129
vn -0.631247 -0.775251 0.022653
vn 0.320582 -0.245996 -0.91472
vn -0.631247 -0.775251 0.022653
vn -0.352483 -0.879508 0.319722
vn 0.451706 0.833549 -0.318052
vn 0.184525 0.863585 -0.469224
vn -0.328359 0.711176 0.621618
vn 0.184525 0.863585 -0.469224
vn -0.134199 0.66898 0.731066
vn -0.328359 0.711176 0.621618
vn 0.04213 -0.219876 -0.974618
vn 0.320582 -0.245996 -0.91472
vn -0.352483 -0.879508 0.319722
vn 0.04213 -0.219876 -0.974618
vn -0.352483 -0.879508 0.319722
vn -0.132989 -0.910006 0.392686
vn 0.184525 0.863585 -0.469224
vn -0.034641 0.868607 -0.49429
vn -0.134199 0.66898 0.731066
vn -0.034641 0.868607 -0.49429
vn 0.025789 0.660448 0.750429
vn -0.134199 0.66898 0.731066
vn 0.0 1.0 -0.000073
vn -0.610691 0.776279 0.156357
vn 0.0 0.84074 0.541439
vn 0.0 -1.0 0.000073
vn 0.380076 -0.855913 0.35065
vn -0.380076 -0.855913 0.35065
vn 0.0 1.0 -0.000073
vn 0.0 0.84074 0.541439
vn 0.610691 0.776279 0.156357
vn 0.0 1.0 -0.000073
vn 0.610691 0.776279 0.156357
vn 0.391991 0.814996 -0.42676
vn 0.0 1.0 -0.000073
vn 0.391991 0.814996 -0.42676
vn -0.391991 0.814996 -0.42676
vn 0.0 1.0 -0.000073
vn -0.391991 0.814996 -0.42676
vn -0.610691 0.776279 0.156357
vn 0.0 -1.0 0.000073
vn -0.380076 -0.855913 0.35065
vn -0.610691 -0.776278 -0.156358
vn 0.0 -1.0 0.000073
vn -0.610691 -0.776278 -0.156358
vn 0.0 -0.84074 -0.54144
vn 0.0 -1.0 0.000073
vn 0.0 -0.84074 -0.54144
vn 0.610691 -0.776278 -0.156358
vn 0.0 -1.0 0.000073
vn 0.610691 -0.776278 -0.156358
vn 0.380076 -0.855913 0.35065
vn -0.0 0.405415 0.914133
vn 0.322691 0.071237 0.94382
vn 0.598917 0.463344 0.653154
vn 0.905294 0.358196 0.22834
vn 1.0 0.0 0.0
vn 0.875696 0.429876 -0.219915
vn 0.623178 0.402575 -0.670509
vn 0.381809 0.001768 -0.92424
vn 0.0 0.513821 -0.857897
vn -0.623178 0.402575 -0.670509
vn -0.870352 -0.001854 -0.492426
vn -0.875696 0.429876 -0.219915
vn -0.905294 0.358196 0.22834
vn -0.871806 0.053924 0.486874
vn -0.598917 0.463344 0.653154
vn 0.905294 -0.358195 -0.228341
vn 1.0 0.0 0.0
vn 0.885132 -0.429534 0.179004
vn -0.0 -0.437635 -0.899153
vn 0.381809 0.001768 -0.92424
vn 0.600198 -0.477114 -0.64197
vn -0.905294 -0.358195 -0.228341
vn -0.870352 -0.001854 -0.492426
vn -0.600198 -0.477114 -0.64197
vn -0.626901 -0.376753 0.681948
vn -0.871806 0.053924 0.486874
vn -0.885132 -0.429533 0.179004
vn 0.6269 -0.376753 0.681948
vn 0.322691 0.071237 0.94382
vn -0.0 -0.521235 0.853413
vn -0.905294 0.358196 0.22834
vn -0.598917 0.463344 0.653154
vn -0.610691 0.776279 0.156357
vn -0.0 0.405415 0.914133
vn 0.0 0.84074 0.541439
vn -0.598917 0.463344 0.653154
vn -0.610691 0.776279 0.156357
vn -0.598917 0.463344 0.653154
vn 0.0 0.84074 0.541439
vn 0.6269 -0.376753 0.681948
vn -0.0 -0.521235 0.853413
vn 0.380076 -0.855913 0.35065
vn -0.626901 -0.376753 0.681948
vn -0.380076 -0.855913 0.35065
vn -0.0 -0.521235 0.853413
vn 0.380076 -0.855913 0.35065
vn -0.0 -0.521235 0.853413
vn -0.380076 -0.855913 0.35065
vn -0.0 0.405415 0.914133
vn 0.598917 0.463344 0.653154
vn 0.0 0.84074 0.541439
vn 0.905294 0.358196 0.22834
vn 0.610691 0.776279 0.156357
vn 0.598917 0.463344 0.653154
vn 0.0 0.84074 0.541439
vn 0.598917 0.463344 0.653154
vn 0.610691 0.776279 0.156357
vn 0.905294 0.358196 0.22834
vn 0.875696 0.429876 -0.219915
vn 0.610691 0.776279 0.156357
vn 0.623178 0.402575 -0.670509
vn 0.391991 0.814996 -0.42676
vn 0.875696 0.429876 -0.219915
vn 0.610691 0.776279 0.156357
vn 0.875696 0.429876 -0.219915
vn 0.391991 0.814996 -0.42676
vn 0.623178 0.402575 -0.670509
vn 0.0 0.513821 -0.857897
vn 0.391991 0.814996 -0.42676
vn -0.623178 0.402575 -0.670509
vn -0.391991 0.814996 -0.42676
vn 0.0 0.513821 -0.857897
vn 0.391991 0.814996 -0.42676
vn 0.0 0.513821 -0.857897
vn -0.391991 0.814996 -0.42676
vn -0.623178 0.402575 -0.670509
vn -0.875696 0.429876 -0.219915
vn -0.391991 0.814996 -0.42676
vn -0.905294 0.358196 0.22834
vn -0.610691 0.776279 0.156357
vn -0.875696 0.429876 -0.219915
vn -0.391991 0.814996 -0.42676
vn -0.875696 0.429876 -0.219915
vn -0.610691 0.776279 0.156357
vn -0.626901 -0.376753 0.681948
vn -0.885132 -0.429533 0.179004
vn -0.380076 -0.855913 0.35065
vn -0.905294 -0.358195 -0.228341
vn -0.610691 -0.776278 -0.156358
vn -0.885132 -0.429533 0.179004
vn -0.380076 -0.855913 0.35065
vn -0.885132 -0.429533 0.179004
vn -0.610691 -0.776278 -0.156358
vn -0.905294 -0.358195 -0.228341
vn -0.600198 -0.477114 -0.64197
vn -0.610691 -0.776278 -0.156358
vn -0.0 -0.437635 -0.899153
vn 0.0 -0.84074 -0.54144
vn -0.600198 -0.477114 -0.64197
vn -0.610691 -0.776278 -0.156358
vn -0.600198 -0.477114 -0.64197
vn 0.0 -0.84074 -0.54144
vn -0.0 -0.437635 -0.899153
vn 0.600198 -0.477114 -0.64197
vn 0.0 -0.84074 -0.54144
vn 0.905294 -0.358195 -0.228341
vn 0.610691 -0.776278 -0.156358
vn 0.600198 -0.477114 -0.64197
vn 0.0 -0.84074 -0.54144
vn 0.600198 -0.477114 -0.64197
vn 0.610691 -0.776278 -0.156358
vn 0.905294 -0.358195 -0.228341
vn 0.885132 -0.429534 0.179004
vn 0.610691 -0.776278 -0.156358
vn 0.6269 -0.376753 0.681948
vn 0.380076 -0.855913 0.35065
vn 0.885132 -0.429534 0.179004
vn 0.610691 -0.776278 -0.156358
vn 0.885132 -0.429534 0.179004
vn 0.380076 -0.855913 0.35065
vn 0.6269 -0.376753 0.681948
vn 0.871806 0.053924 0.486874
vn 0.322691 0.071237 0.94382
vn 0.905294 0.358196 0.22834
vn 0.598917 0.463344 0.653154
vn 0.871806 0.053924 0.486874
vn 0.322691 0.071237 0.94382
vn 0.871806 0.053924 0.486874
vn 0.598917 0.463344 0.653154
vn 0.905294 -0.358195 -0.228341
vn 0.870352 -0.001854 -0.492426
vn 1.0 0.0 0.0
vn 0.623178 0.402575 -0.670509
vn 0.875696 0.429876 -0.219915
vn 0.870352 -0.001854 -0.492426
vn 1.0 0.0 0.0
vn 0.870352 -0.001854 -0.492426
vn 0.875696 0.429876 -0.219915
vn -0.0 -0.437635 -0.899153
vn -0.381809 0.001768 -0.92424
vn 0.381809 0.001768 -0.92424
vn -0.623178 0.402575 -0.670509
vn 0.0 0.513821 -0.857897
vn -0.381809 0.001768 -0.92424
vn 0.381809 0.001768 -0.92424
vn -0.381809 0.001768 -0.92424
vn 0.0 0.513821 -0.857897
vn -0.905294 -0.358195 -0.228341
vn -1.0 0.000001 -0.0
vn -0.870352 -0.001854 -0.492426
vn -0.905294 0.358196 0.22834
vn -0.875696 0.429876 -0.219915
vn -1.0 0.000001 -0.0
vn -0.870352 -0.001854 -0.492426
vn -1.0 0.000001 -0.0
vn -0.875696 0.429876 -0.219915
vn -0.626901 -0.376753 0.681948
vn -0.322692 0.071237 0.94382
vn -0.871806 0.053924 0.486874
vn -0.0 0.405415 0.914133
vn -0.598917 0.463344 0.653154
vn -0.322692 0.071237 0.94382
vn -0.871806 0.053924 0.486874
vn -0.322692 0.071237 0.94382
vn -0.598917 0.463344 0.653154
vn 0.905294 0.358196 0.22834
vn 0.871806 0.053924 0.486874
vn 1.0 0.0 0.0
vn 0.6269 -0.376753 0.681948
vn 0.885132 -0.429534 0.179004
vn 0.871806 0.053924 0.486874
vn 1.0 0.0 0.0
vn 0.871806 0.053924 0.486874
vn 0.885132 -0.429534 0.179004
vn 0.623178 0.402575 -0.670509
vn 0.870352 -0.001854 -0.492426
vn 0.381809 0.001768 -0.92424
vn 0.905294 -0.358195 -0.228341
vn 0.600198 -0.477114 -0.64197
vn 0.870352 -0.001854 -0.492426
vn 0.381809 0.001768 -0.92424
vn 0.870352 -0.001854 -0.492426
vn 0.600198 -0.477114 -0.64197
vn -0.623178 0.402575 -0.670509
vn -0.381809 0.001768 -0.92424
vn -0.870352 -0.001854 -0.492426
vn -0.0 -0.437635 -0.899153
vn -0.600198 -0.477114 -0.64197
vn -0.381809 0.001768 -0.92424
vn -0.870352 -0.001854 -0.492426
vn -0.381809 0.001768 -0.92424
vn -0.600198 -0.477114 -0.64197
vn -0.905294 0.358196 0.22834
vn -1.0 0.000001 -0.0
vn -0.871806 0.053924 0.486874
vn -0.905294 -0.358195 -0.228341
vn -0.885132 -0.429533 0.179004
vn -1.0 0.000001 -0.0
vn -0.871806 0.053924 0.486874
vn -1.0 0.000001 -0.0
vn -0.885132 -0.429533 0.179004
vn -0.0 0.405415 0.914133
vn -0.322692 0.071237 0.94382
vn 0.322691 0.071237 0.94382
vn -0.626901 -0.376753 0.681948
vn -0.0 -0.521235 0.853413
vn -0.322692 0.071237 0.94382
vn 0.322691 0.071237 0.94382
vn -0.322692 0.071237 0.94382
vn -0.0 -0.521235 0.853413
vn -0.164666 0.983164 0.079201
vn 0.316459 0.629335 0.709782
vn 0.831555 0.552197 0.059948
vn -0.164666 0.983164 0.079201
vn -0.871229 0.489875 -0.031362
vn -0.794864 0.453734 0.402886
vn -0.164666 0.983164 0.079201
vn -0.794864 0.453734 0.402886
vn 0.316459 0.629335 0.709782
vn -0.871229 0.489875 -0.031362
vn -0.902917 -0.41372 0.11652
vn -0.794864 0.453734 0.402886
vn -0.794864 0.453734 0.402886
vn -0.266853 -0.729365 0.629933
vn 0.316459 0.629335 0.709782
vn 0.316459 0.629335 0.709782
vn 0.88191 -0.325706 0.340807
vn 0.831555 0.552197 0.059948
vn -0.266853 -0.729365 0.629933
vn -0.794864 0.453734 0.402886
vn -0.902917 -0.41372 0.11652
vn 0.88191 -0.325706 0.340807
vn 0.316459 0.629335 0.709782
vn -0.266853 -0.729365 0.629933
vn 0.960982 0.274207 -0.036396
vn 0.831555 0.552197 0.059948
vn 0.88191 -0.325706 0.340807
vn 0.72508 0.304419 -0.617728
vn 0.144012 0.750252 -0.645277
vn 0.831555 0.552197 0.059948
vn 0.144012 0.750252 -0.645277
vn -0.164666 0.983164 0.079201
vn 0.831555 0.552197 0.059948
vn 0.144012 0.750252 -0.645277
vn -0.568967 0.559992 -0.602234
vn -0.164666 0.983164 0.079201
vn -0.568967 0.559992 -0.602234
vn -0.871229 0.489875 -0.031362
vn -0.164666 0.983164 0.079201
vn -0.568967 0.559992 -0.602234
vn -0.59551 -0.80256 -0.035576
vn -0.871229 0.489875 -0.031362
vn -0.59551 -0.80256 -0.035576
vn -0.902917 -0.41372 0.11652
vn -0.871229 0.489875 -0.031362
vn 0.999476 0.03165 -0.006801
vn 0.72508 0.304419 -0.617728
vn 0.960982 0.274207 -0.036396
vn 0.72508 0.304419 -0.617728
vn 0.831555 0.552197 0.059948
vn 0.960982 0.274207 -0.036396
vn 0.144012 0.750252 -0.645277
vn 0.72508 0.304419 -0.617728
vn 0.0 0.0 -1.0
vn -0.568967 0.559992 -0.602234
vn 0.144012 0.750252 -0.645277
vn 0.0 0.0 -1.0
vn -0.563349 -0.759216 -0.325926
vn -0.568967 0.559992 -0.602234
vn 0.0 0.0 -1.0
vn 0.72508 0.304419 -0.617728
vn 0.851853 0.026976 -0.523086
vn 0.0 0.0 -1.0
vn 0.960982 0.274207 -0.036396
vn 0.88191 -0.325706 0.340807
vn 0.999476 0.03165 -0.006801
vn -0.59551 -0.80256 -0.035576
vn -0.266853 -0.729365 0.629933
vn -0.902917 -0.41372 0.11652
vn -0.59551 -0.80256 -0.035576
vn 0.88191 -0.325706 0.340807
vn -0.266853 -0.729365 0.629933
vn -0.59551 -0.80256 -0.035576
vn 0.999476 0.03165 -0.006801
vn 0.88191 -0.325706 0.340807
vn 0.857008 0.027139 0.514588
vn -0.0 -0.000002 1.0
vn -0.57477 -0.774608 0.26386
vn -0.142581 0.598109 -0.788629
vn 0.591521 0.605585 -0.532325
vn 0.142582 -0.598109 -0.788629
vn 0.591521 0.605585 -0.532325
vn 0.749949 -0.605585 -0.266162
vn 0.142582 -0.598109 -0.788629
vn 0.591521 0.605585 -0.532325
vn 0.749949 0.605585 0.266162
vn 0.749949 -0.605585 -0.266162
vn 0.749949 0.605585 0.266162
vn 0.59152 -0.605585 0.532325
vn 0.749949 -0.605585 -0.266162
vn 0.749949 0.605585 0.266162
vn 0.142582 0.598109 0.788629
vn 0.59152 -0.605585 0.532325
vn 0.142582 0.598109 0.788629
vn -0.142582 -0.598109 0.788629
vn 0.59152 -0.605585 0.532325
vn 0.142582 0.598109 0.788629
vn -0.59152 0.605585 0.532325
vn -0.142582 -0.598109 0.788629
vn -0.59152 0.605585 0.532325
vn -0.749949 -0.605585 0.266162
vn -0.142582 -0.598109 0.788629
vn -0.59152 0.605585 0.532325
vn -0.749949 0.605585 -0.266163
vn -0.749949 -0.605585 0.266162
vn -0.749949 0.605585 -0.266163
vn -0.59152 -0.605585 -0.532325
vn -0.749949 -0.605585 0.266162
vn -0.749949 0.605585 -0.266163
vn -0.142581 0.598109 -0.788629
vn -0.59152 -0.605585 -0.532325
vn -0.142581 0.598109 -0.788629
vn 0.142582 -0.598109 -0.788629
vn -0.59152 -0.605585 -0.532325
vn 0.591521 0.605585 -0.532325
vn -0.142581 0.598109 -0.788629
vn 0.0 1.0 0.0
vn 0.142582 -0.598109 -0.788629
vn 0.749949 -0.605585 -0.266162
vn 0.0 -1.0 0.0
vn 0.749949 0.605585 0.266162
vn 0.591521 0.605585 -0.532325
vn 0.0 1.0 0.0
vn 0.749949 -0.605585 -0.266162
vn 0.59152 -0.605585 0.532325
vn 0.0 -1.0 0.0
vn 0.142582 0.598109 0.788629
vn 0.749949 0.605585 0.266162
vn 0.0 1.0 0.0
vn 0.59152 -0.605585 0.532325
vn -0.142582 -0.598109 0.788629
vn 0.0 -1.0 0.0
vn -0.59152 0.605585 0.532325
vn 0.142582 0.598109 0.788629
vn 0.0 1.0 0.0
vn -0.142582 -0.598109 0.788629
vn -0.749949 -0.605585 0.266162
vn 0.0 -1.0 0.0
vn -0.749949 0.605585 -0.266163
vn -0.59152 0.605585 0.532325
vn 0.0 1.0 0.0
vn -0.749949 -0.605585 0.266162
vn -0.59152 -0.605585 -0.532325
vn 0.0 -1.0 0.0
vn -0.142581 0.598109 -0.788629
vn -0.749949 0.605585 -0.266163
vn 0.0 1.0 0.0
vn -0.59152 -0.605585 -0.532325
vn 0.142582 -0.598109 -0.788629
vn 0.0 -1.0 0.0
vn -0.164666 0.983164 0.079201
vn 0.316459 0.629335 0.709782
vn 0.831555 0.552197 0.059947
vn -0.164666 0.983164 0.079201
vn -0.871229 0.489874 -0.031362
vn -0.794863 0.453734 0.402886
vn -0.164666 0.983164 0.079201
vn -0.794863 0.453734 0.402886
vn 0.316459 0.629335 0.709782
vn -0.871229 0.489874 -0.031362
vn -0.902917 -0.41372 0.11652
vn -0.794863 0.453734 0.402886
vn -0.794863 0.453734 0.402886
vn -0.266853 -0.729365 0.629933
vn 0.316459 0.629335 0.709782
vn 0.316459 0.629335 0.709782
vn 0.881911 -0.325704 0.340809
vn 0.831555 0.552197 0.059947
vn -0.266853 -0.729365 0.629933
vn -0.794863 0.453734 0.402886
vn -0.902917 -0.41372 0.11652
vn 0.881911 -0.325704 0.340809
vn 0.316459 0.629335 0.709782
vn -0.266853 -0.729365 0.629933
vn 0.960981 0.27421 -0.036396
vn 0.831555 0.552197 0.059947
vn 0.881911 -0.325704 0.340809
vn 0.72508 0.30442 -0.617728
vn 0.144012 0.750252 -0.645276
vn 0.831555 0.552197 0.059947
vn 0.144012 0.750252 -0.645276
vn -0.164666 0.983164 0.079201
vn 0.831555 0.552197 0.059947
vn 0.144012 0.750252 -0.645276
vn -0.568967 0.559992 -0.602234
vn -0.164666 0.983164 0.079201
vn -0.568967 0.559992 -0.602234
vn -0.871229 0.489874 -0.031362
vn -0.164666 0.983164 0.079201
vn -0.568967 0.559992 -0.602234
vn -0.595512 -0.802559 -0.035576
vn -0.871229 0.489874 -0.031362
vn -0.595512 -0.802559 -0.035576
vn -0.902917 -0.41372 0.11652
vn -0.871229 0.489874 -0.031362
vn 0.999475 0.031662 -0.006801
vn 0.72508 0.30442 -0.617728
vn 0.960981 0.27421 -0.036396
vn 0.72508 0.30442 -0.617728
vn 0.831555 0.552197 0.059947
vn 0.960981 0.27421 -0.036396
vn 0.144012 0.750252 -0.645276
vn 0.72508 0.30442 -0.617728
vn 0.0 0.0 -1.0
vn -0.568967 0.559992 -0.602234
vn 0.144012 0.750252 -0.645276
vn 0.0 0.0 -1.0
vn -0.563349 -0.759216 -0.325926
vn -0.568967 0.559992 -0.602234
vn 0.0 0.0 -1.0
vn 0.72508 0.30442 -0.617728
vn 0.851851 0.026982 -0.523088
vn 0.0 0.0 -1.0
vn 0.960981 0.27421 -0.036396
vn 0.881911 -0.325704 0.340809
vn 0.999475 0.031662 -0.006801
vn -0.595512 -0.802559 -0.035576
vn -0.266853 -0.729365 0.629933
vn -0.902917 -0.41372 0.11652
vn -0.595512 -0.802559 -0.035576
vn 0.881911 -0.325704 0.340809
vn -0.266853 -0.729365 0.629933
vn -0.595512 -0.802559 -0.035576
vn 0.999475 0.031662 -0.006801
vn 0.881911 -0.325704 0.340809
vn 0.857006 0.027149 0.51459
vn -0.0 0.000007 1.0
vn -0.574771 -0.774607 0.26386
vn -0.142581 0.598109 -0.788629
vn 0.591521 0.605585 -0.532325
vn 0.142582 -0.598109 -0.788629
vn 0.591521 0.605585 -0.532325
vn 0.749949 -0.605585 -0.266163
vn 0.142582 -0.598109 -0.788629
vn 0.591521 0.605585 -0.532325
vn 0.749949 0.605585 0.266162
vn 0.749949 -0.605585 -0.266163
vn 0.749949 0.605585 0.266162
vn 0.59152 -0.605585 0.532325
vn 0.749949 -0.605585 -0.266163
vn 0.749949 0.605585 0.266162
vn 0.142582 0.598109 0.788629
vn 0.59152 -0.605585 0.532325
vn 0.142582 0.598109 0.788629
vn -0.142582 -0.598109 0.788629
vn 0.59152 -0.605585 0.532325
vn 0.142582 0.598109 0.788629
vn -0.59152 0.605585 0.532325
vn -0.142582 -0.598109 0.788629
vn -0.59152 0.605585 0.532325
vn -0.749949 -0.605585 0.266163
vn -0.142582 -0.598109 0.788629
vn -0.59152 0.605585 0.532325
vn -0.749949 0.605585 -0.266163
vn -0.749949 -0.605585 0.266163
vn -0.749949 0.605585 -0.266163
vn -0.59152 -0.605585 -0.532325
vn -0.749949 -0.605585 0.266163
vn -0.749949 0.605585 -0.266163
vn -0.142581 0.598109 -0.788629
vn -0.59152 -0.605585 -0.532325
vn -0.142581 0.598109 -0.788629
vn 0.142582 -0.598109 -0.788629
vn -0.59152 -0.605585 -0.532325
vn 0.591521 0.605585 -0.532325
vn -0.142581 0.598109 -0.788629
vn 0.0 1.0 0.0
vn 0.142582 -0.598109 -0.788629
vn 0.749949 -0.605585 -0.266163
vn 0.0 -1.0 0.0
vn 0.749949 0.605585 0.266162
vn 0.591521 0.605585 -0.532325
vn 0.0 1.0 0.0
vn 0.749949 -0.605585 -0.266163
vn 0.59152 -0.605585 0.532325
vn 0.0 -1.0 0.0
vn 0.142582 0.598109 0.788629
vn 0.749949 0.605585 0.266162
vn 0.0 1.0 0.0
vn 0.59152 -0.605585 0.532325
vn -0.142582 -0.598109 0.788629
vn 0.0 -1.0 0.0
vn -0.59152 0.605585 0.532325
vn 0.142582 0.598109 0.788629
vn 0.0 1.0 0.0
vn -0.142582 -0.598109 0.788629
vn -0.749949 -0.605585 0.266163
vn 0.0 -1.0 0.0
vn -0.749949 0.605585 -0.266163
vn -0.59152 0.605585 0.532325
vn 0.0 1.0 0.0
vn -0.749949 -0.605585 0.266163
vn -0.59152 -0.605585 -0.532325
vn 0.0 -1.0 0.0
vn -0.142581 0.598109 -0.788629
vn -0.749949 0.605585 -0.266163
vn 0.0 1.0 0.0
vn -0.59152 -0.605585 -0.532325
vn 0.142582 -0.598109 -0.788629
vn 0.0 -1.0 0.0
vn 0.0 -0.707107 0.707107
vn 0.57735 -0.57735 0.57735
vn 0.0 0.707107 0.707107
vn 0.57735 -0.57735 0.57735
vn 0.57735 0.57735 0.57735
vn 0.0 0.707107 0.707107
vn 0.57735 -0.57735 -0.57735
vn 0.0 -0.707107 -0.707107
vn 0.57735 0.57735 -0.57735
vn 0.0 -0.707107 -0.707107
vn 0.0 0.707107 -0.707107
vn 0.57735 0.57735 -0.57735
vn 0.57735 0.57735 -0.57735
vn 0.57735 -0.57735 0.57735
vn 0.57735 -0.57735 -0.57735
vn 0.57735 0.57735 -0.57735
vn 0.57735 0.57735 0.57735
vn 0.57735 -0.57735 0.57735
vn 0.0 0.707107 0.707107
vn 0.57735 0.57735 -0.57735
vn 0.0 0.707107 -0.707107
vn 0.0 0.707107 0.707107
vn 0.57735 0.57735 0.57735
vn 0.57735 0.57735 -0.57735
vn 0.57735 -0.57735 0.57735
vn 0.0 -0.707107 -0.707107
vn 0.57735 -0.57735 -0.57735
vn 0.57735 -0.57735 0.57735
vn 0.0 -0.707107 0.707107
vn 0.0 -0.707107 -0.707107
vn -0.0 0.707107 0.707107
vn -0.57735 -0.57735 0.57735
vn -0.0 -0.707107 0.707107
vn -0.0 0.707107 0.707107
vn -0.57735 0.57735 0.57735
vn -0.57735 -0.57735 0.57735
vn -0.57735 0.57735 -0.577351
vn 0.0 -0.707107 -0.707107
vn -0.57735 -0.57735 -0.57735
vn -0.57735 0.57735 -0.577351
vn -0.0 0.707107 -0.707107
vn 0.0 -0.707107 -0.707107
vn -0.57735 -0.57735 -0.57735
vn -0.57735 -0.57735 0.57735
vn -0.57735 0.57735 -0.577351
vn -0.57735 -0.57735 0.57735
vn -0.57735 0.57735 0.57735
vn -0.57735 0.57735 -0.577351
vn -0.0 0.707107 -0.707107
vn -0.57735 0.57735 -0.577351
vn -0.0 0.707107 0.707107
vn -0.57735 0.57735 -0.577351
vn -0.57735 0.57735 0.57735
vn -0.0 0.707107 0.707107
vn -0.57735 -0.57735 -0.57735
vn 0.0 -0.707107 -0.707107
vn -0.57735 -0.57735 0.57735
vn 0.0 -0.707107 -0.707107
vn -0.0 -0.707107 0.707107
vn -0.57735 -0.57735 0.57735
vn 0.747359 -0.029012 -0.663786
vn 0.75922 -0.644182 0.092815
vn 0.485862 0.838373 0.247121
vn 0.75922 -0.644182 0.092815
vn 0.707738 0.706312 0.015181
vn 0.485862 0.838373 0.247121
vn -0.707107 -0.68465 0.176791
vn -0.811736 -0.582735 -0.038792
vn -0.379764 0.911477 0.15808
vn -0.811736 -0.582735 -0.038792
vn -0.577657 0.49241 0.651034
vn -0.379764 0.911477 0.15808
vn 0.485862 0.838373 0.247121
vn -0.379764 0.911477 0.15808
vn -0.577657 0.49241 0.651034
vn 0.485862 0.838373 0.247121
vn 0.707738 0.706312 0.015181
vn -0.379764 0.911477 0.15808
vn 0.75922 -0.644182 0.092815
vn -0.811736 -0.582735 -0.038792
vn -0.707107 -0.68465 0.176791
vn 0.75922 -0.644182 0.092815
vn 0.747359 -0.029012 -0.663786
vn -0.811736 -0.582735 -0.038792
vn 0.736483 -0.016374 -0.676258
vn 0.747359 -0.029012 -0.663786
vn 0.64016 0.33994 0.688939
vn 0.747359 -0.029012 -0.663786
vn 0.485862 0.838373 0.247121
vn 0.64016 0.33994 0.688939
vn -0.811736 -0.582735 -0.038792
vn -0.691648 -0.354244 -0.629393
vn -0.577657 0.49241 0.651034
vn -0.691648 -0.354244 -0.629393
vn -0.736483 0.016374 0.676258
vn -0.577657 0.49241 0.651034
vn 0.64016 0.33994 0.688939
vn -0.577657 0.49241 0.651034
vn -0.736483 0.016374 0.676258
vn 0.64016 0.33994 0.688939
vn 0.485862 0.838373 0.247121
vn -0.577657 0.49241 0.651034
vn 0.747359 -0.029012 -0.663786
vn -0.691648 -0.354244 -0.629393
vn -0.811736 -0.582735 -0.038792
vn 0.747359 -0.029012 -0.663786
vn 0.736483 -0.016374 -0.676258
vn -0.691648 -0.354244 -0.629393
vn 0.771587 -0.252766 -0.583749
vn 0.679811 0.084779 0.728471
vn 0.252974 -0.932113 0.259172
vn -0.554095 -0.577009 -0.600033
vn 0.252974 -0.932113 0.259172
vn -0.649927 -0.227243 0.725228
vn 0.252974 -0.932113 0.259172
vn 0.679811 0.084779 0.728471
vn -0.649927 -0.227243 0.725228
vn 0.771587 -0.252766 -0.583749
vn 0.252974 -0.932113 0.259172
vn -0.554095 -0.577009 -0.600033
vn -0.485863 0.838373 0.247121
vn -0.75922 -0.644182 0.092815
vn -0.74736 -0.029012 -0.663786
vn -0.485863 0.838373 0.247121
vn -0.707738 0.706312 0.015181
vn -0.75922 -0.644182 0.092815
vn 0.379765 0.911476 0.15808
vn 0.811736 -0.582734 -0.038792
vn 0.707107 -0.68465 0.176791
vn 0.379765 0.911476 0.15808
vn 0.577657 0.49241 0.651034
vn 0.811736 -0.582734 -0.038792
vn 0.577657 0.49241 0.651034
vn 0.379765 0.911476 0.15808
vn -0.485863 0.838373 0.247121
vn 0.379765 0.911476 0.15808
vn -0.707738 0.706312 0.015181
vn -0.485863 0.838373 0.247121
vn 0.707107 -0.68465 0.176791
vn 0.811736 -0.582734 -0.038792
vn -0.75922 -0.644182 0.092815
vn 0.811736 -0.582734 -0.038792
vn -0.74736 -0.029012 -0.663786
vn -0.75922 -0.644182 0.092815
vn -0.64016 0.33994 0.688939
vn -0.74736 -0.029012 -0.663786
vn -0.736483 -0.016374 -0.676258
vn -0.64016 0.33994 0.688939
vn -0.485863 0.838373 0.247121
vn -0.74736 -0.029012 -0.663786
vn 0.577657 0.49241 0.651034
vn 0.691648 -0.354244 -0.629393
vn 0.811736 -0.582734 -0.038792
vn 0.577657 0.49241 0.651034
vn 0.736483 0.016374 0.676258
vn 0.691648 -0.354244 -0.629393
vn 0.736483 0.016374 0.676258
vn 0.577657 0.49241 0.651034
vn -0.64016 0.33994 0.688939
vn 0.577657 0.49241 0.651034
vn -0.485863 0.838373 0.247121
vn -0.64016 0.33994 0.688939
vn 0.811736 -0.582734 -0.038792
vn 0.691648 -0.354244 -0.629393
vn -0.74736 -0.029012 -0.663786
vn 0.691648 -0.354244 -0.629393
vn -0.736483 -0.016374 -0.676258
vn -0.74736 -0.029012 -0.663786
vn -0.252974 -0.932113 0.259172
vn -0.679811 0.084779 0.728471
vn -0.771587 -0.252766 -0.583749
vn 0.649927 -0.227243 0.725228
vn -0.252974 -0.932113 0.259172
vn 0.554095 -0.577009 -0.600033
vn 0.649927 -0.227243 0.725228
vn -0.679811 0.084779 0.728471
vn -0.252974 -0.932113 0.259172
vn 0.554095 -0.577009 -0.600033
vn -0.252974 -0.932113 0.259172
vn -0.771587 -0.252766 -0.583749
vn 0.67405 0.702975 0.226899
vn 0.963771 -0.024287 0.265624
vn 0.725865 -0.534784 0.43258
vn 0.67405 0.702975 0.226899
vn 0.663394 0.67992 0.312438
vn 0.963771 -0.024287 0.265624
vn -0.385253 0.921359 0.051747
vn -0.566092 0.764263 -0.308937
vn -0.967434 -0.153568 -0.20122
vn -0.566092 0.764263 -0.308937
vn -0.385253 0.921359 0.051747
vn 0.67405 0.702975 0.226899
vn -0.385253 0.921359 0.051747
vn 0.663394 0.67992 0.312438
vn 0.67405 0.702975 0.226899
vn 0.714289 0.696139 0.071984
vn 0.725865 -0.534784 0.43258
vn 0.601813 -0.663473 0.44455
vn 0.714289 0.696139 0.071984
vn 0.67405 0.702975 0.226899
vn 0.725865 -0.534784 0.43258
vn -0.566092 0.764263 -0.308937
vn -0.752585 -0.647051 -0.122235
vn -0.967434 -0.153568 -0.20122
vn -0.566092 0.764263 -0.308937
vn -0.601814 0.663473 -0.44455
vn -0.752585 -0.647051 -0.122235
vn -0.601814 0.663473 -0.44455
vn -0.566092 0.764263 -0.308937
vn 0.714289 0.696139 0.071984
vn -0.566092 0.764263 -0.308937
vn 0.67405 0.702975 0.226899
vn 0.714289 0.696139 0.071984
vn -0.967434 -0.153568 -0.20122
vn -0.752585 -0.647051 -0.122235
vn 0.725865 -0.534784 0.43258
vn -0.752585 -0.647051 -0.122235
vn 0.601813 -0.663473 0.44455
vn 0.725865 -0.534784 0.43258
vn 0.389718 -0.275045 -0.878903
vn 0.786406 0.596979 -0.158686
vn 0.676995 -0.707291 0.203512
vn -0.483302 0.573404 -0.661534
vn 0.389718 -0.275045 -0.878903
vn -0.589812 -0.748633 -0.302771
vn -0.483302 0.573404 -0.661534
vn 0.786406 0.596979 -0.158686
vn 0.389718 -0.275045 -0.878903
vn -0.589812 -0.748633 -0.302771
vn 0.389718 -0.275045 -0.878903
vn 0.676995 -0.707291 0.203512
vn -0.690504 -0.554676 0.46426
vn -0.949426 -0.038591 0.311609
vn -0.673221 0.690101 0.265583
vn -0.949426 -0.038591 0.311609
vn -0.643923 0.678577 0.353408
vn -0.673221 0.690101 0.265583
vn 0.962145 -0.124305 -0.242539
vn 0.531943 0.780272 -0.328955
vn 0.374056 0.926244 0.04641
vn -0.673221 0.690101 0.265583
vn 0.374056 0.926244 0.04641
vn 0.531943 0.780272 -0.328955
vn -0.673221 0.690101 0.265583
vn -0.643923 0.678577 0.353408
vn 0.374056 0.926244 0.04641
vn -0.561928 -0.679313 0.471986
vn -0.690504 -0.554676 0.46426
vn -0.728777 0.676496 0.106006
vn -0.690504 -0.554676 0.46426
vn -0.673221 0.690101 0.265583
vn -0.728777 0.676496 0.106006
vn 0.962145 -0.124305 -0.242539
vn 0.763312 -0.626417 -0.157974
vn 0.531943 0.780272 -0.328955
vn 0.763312 -0.626417 -0.157974
vn 0.561928 0.679313 -0.471986
vn 0.531943 0.780272 -0.328955
vn -0.728777 0.676496 0.106006
vn 0.531943 0.780272 -0.328955
vn 0.561928 0.679313 -0.471986
vn -0.728777 0.676496 0.106006
vn -0.673221 0.690101 0.265583
vn 0.531943 0.780272 -0.328955
vn -0.690504 -0.554676 0.46426
vn 0.763312 -0.626417 -0.157974
vn 0.962145 -0.124305 -0.242539
vn -0.690504 -0.554676 0.46426
vn -0.561928 -0.679313 0.471986
vn 0.763312 -0.626417 -0.157974
vn -0.647163 -0.725315 0.234731
vn -0.808958 0.575264 -0.121074
vn -0.423071 -0.286108 -0.85974
vn 0.595037 -0.732506 -0.330705
vn -0.423071 -0.286108 -0.85974
vn 0.435818 0.585915 -0.683203
vn -0.423071 -0.286108 -0.85974
vn -0.808958 0.575264 -0.121074
vn 0.435818 0.585915 -0.683203
vn -0.647163 -0.725315 0.234731
vn -0.423071 -0.286108 -0.85974
vn 0.595037 -0.732506 -0.330705
vn 0.602526 0.73572 0.309318
vn 0.911816 0.212508 0.351328
vn 0.811983 -0.481197 0.330352
vn 0.602526 0.73572 0.309318
vn 0.849322 0.455434 0.266892
vn 0.911816 0.212508 0.351328
vn 0.153353 0.916967 0.368312
vn -0.398213 0.910069 0.114891
vn -0.891577 0.240884 0.383491
vn -0.398213 0.910069 0.114891
vn 0.153353 0.916967 0.368312
vn 0.602526 0.73572 0.309318
vn 0.153353 0.916967 0.368312
vn 0.849322 0.455434 0.266892
vn 0.602526 0.73572 0.309318
vn 0.691629 0.722237 0.0048
vn 0.811983 -0.481197 0.330352
vn 0.715042 -0.695414 0.071513
vn 0.691629 0.722237 0.0048
vn 0.602526 0.73572 0.309318
vn 0.811983 -0.481197 0.330352
vn -0.398213 0.910069 0.114891
vn -0.795954 -0.60277 0.055912
vn -0.891577 0.240884 0.383491
vn -0.398213 0.910069 0.114891
vn -0.717672 0.696332 0.008301
vn -0.795954 -0.60277 0.055912
vn -0.717672 0.696332 0.008301
vn -0.398213 0.910069 0.114891
vn 0.691629 0.722237 0.0048
vn -0.398213 0.910069 0.114891
vn 0.602526 0.73572 0.309318
vn 0.691629 0.722237 0.0048
vn -0.891577 0.240884 0.383491
vn -0.795954 -0.60277 0.055912
vn 0.811983 -0.481197 0.330352
vn -0.795954 -0.60277 0.055912
vn 0.715042 -0.695414 0.071513
vn 0.811983 -0.481197 0.330352
vn 0.035974 -0.227869 -0.973027
vn 0.683127 0.606774 -0.406402
vn 0.692885 -0.714865 -0.094226
vn -0.682729 0.605521 -0.408932
vn 0.035974 -0.227869 -0.973027
vn -0.67182 -0.733674 -0.101889
vn -0.682729 0.605521 -0.408932
vn 0.683127 0.606774 -0.406402
vn 0.035974 -0.227869 -0.973027
vn -0.67182 -0.733674 -0.101889
vn 0.035974 -0.227869 -0.973027
vn 0.692885 -0.714865 -0.094226
vn 0.602527 0.791811 -0.099982
vn 0.911817 0.359701 0.198004
vn 0.811983 -0.251553 0.526692
vn 0.602527 0.791811 -0.099982
vn 0.849323 0.527863 0.003418
vn 0.911817 0.359701 0.198004
vn 0.153353 0.978273 -0.139516
vn -0.398214 0.845589 -0.355536
vn -0.891578 0.400356 0.21167
vn -0.398214 0.845589 -0.355536
vn 0.153353 0.978273 -0.139516
vn 0.602527 0.791811 -0.099982
vn 0.153353 0.978273 -0.139516
vn 0.849323 0.527863 0.003418
vn 0.602527 0.791811 -0.099982
vn 0.691629 0.627875 -0.356962
vn 0.811983 -0.251553 0.526692
vn 0.715042 -0.56649 0.409639
vn 0.691629 0.627875 -0.356962
vn 0.602527 0.791811 -0.099982
vn 0.811983 -0.251553 0.526692
vn -0.398214 0.845589 -0.355536
vn -0.795954 -0.494058 0.349807
vn -0.891578 0.400356 0.21167
vn -0.398214 0.845589 -0.355536
vn -0.717671 0.607192 -0.340978
vn -0.795954 -0.494058 0.349807
vn -0.717671 0.607192 -0.340978
vn -0.398214 0.845589 -0.355536
vn 0.691629 0.627875 -0.356962
vn -0.398214 0.845589 -0.355536
vn 0.602527 0.791811 -0.099982
vn 0.691629 0.627875 -0.356962
vn -0.891578 0.400356 0.21167
vn -0.795954 -0.494058 0.349807
vn 0.811983 -0.251553 0.526692
vn -0.795954 -0.494058 0.349807
vn 0.715042 -0.56649 0.409639
vn 0.811983 -0.251553 0.526692
vn 0.035975 -0.683854 -0.728731
vn 0.683127 0.322281 -0.655342
vn 0.692885 -0.666204 0.27583
vn -0.68273 0.319931 -0.656905
vn 0.035975 -0.683854 -0.728731
vn -0.671819 -0.686325 0.278599
vn -0.68273 0.319931 -0.656905
vn 0.683127 0.322281 -0.655342
vn 0.035975 -0.683854 -0.728731
vn -0.671819 -0.686325 0.278599
vn 0.035975 -0.683854 -0.728731
vn 0.692885 -0.666204 0.27583

# Lasha, 660 grouped triangles

usemtl Texture
o Lasha
g Lasha

f 309/1654/1654 304/1655/1655 305/1656/1656
f 308/1651/1651 309/1652/1652 305/1653/1653
f 310/1648/1648 307/1649/1649 306/1650/1650
f 311/1645/1645 310/1646/1646 306/1647/1647
f 305/1642/1642 307/1643/1643 310/1644/1644
f 308/1639/1639 305/1640/1640 310/1641/1641
f 310/1636/1636 311/1637/1637 309/1638/1638
f 310/1633/1633 309/1634/1634 308/1635/1635
f 306/1630/1630 307/1631/1631 305/1632/1632
f 306/1627/1627 305/1628/1628 304/1629/1629
f 297/1624/1624 296/1625/1625 301/1626/1626
f 297/1621/1621 301/1622/1622 300/1623/1623
f 298/1618/1618 299/1619/1619 302/1620/1620
f 298/1615/1615 302/1616/1616 303/1617/1617
f 302/1612/1612 299/1613/1613 297/1614/1614
f 302/1609/1609 297/1610/1610 300/1611/1611
f 301/1606/1606 303/1607/1607 302/1608/1608
f 300/1603/1603 301/1604/1604 302/1605/1605
f 297/1600/1600 299/1601/1601 298/1602/1602
f 296/1597/1597 297/1598/1598 298/1599/1599
f 293/1594/1594 288/1595/1595 295/1596/1596
f 282/1591/1591 287/1592/1592 294/1593/1593
f 292/1588/1588 293/1589/1589 295/1590/1590
f 287/1585/1585 286/1586/1586 294/1587/1587
f 291/1582/1582 292/1583/1583 295/1584/1584
f 286/1579/1579 285/1580/1580 294/1581/1581
f 290/1576/1576 291/1577/1577 295/1578/1578
f 285/1573/1573 284/1574/1574 294/1575/1575
f 289/1570/1570 290/1571/1571 295/1572/1572
f 284/1567/1567 283/1568/1568 294/1569/1569
f 288/1564/1564 289/1565/1565 295/1566/1566
f 283/1561/1561 282/1562/1562 294/1563/1563
f 282/1558/1558 288/1559/1559 293/1560/1560
f 287/1555/1555 282/1556/1556 293/1557/1557
f 287/1552/1552 293/1553/1553 292/1554/1554
f 286/1549/1549 287/1550/1550 292/1551/1551
f 286/1546/1546 292/1547/1547 291/1548/1548
f 285/1543/1543 286/1544/1544 291/1545/1545
f 285/1540/1540 291/1541/1541 290/1542/1542
f 284/1537/1537 285/1538/1538 290/1539/1539
f 284/1534/1534 290/1535/1535 289/1536/1536
f 283/1531/1531 284/1532/1532 289/1533/1533
f 283/1528/1528 289/1529/1529 288/1530/1530
f 282/1525/1525 283/1526/1526 288/1527/1527
f 280/1522/1522 281/1523/1523 279/1524/1524
f 279/1519/1519 280/1520/1520 275/1521/1521
f 279/1516/1516 275/1517/1517 273/1518/1518
f 279/1513/1513 273/1514/1514 271/1515/1515
f 269/1510/1510 275/1511/1511 280/1512/1512
f 276/1507/1507 280/1508/1508 281/1509/1509
f 279/1504/1504 278/1505/1505 281/1506/1506
f 278/1501/1501 277/1502/1502 281/1503/1503
f 277/1498/1498 276/1499/1499 281/1500/1500
f 276/1495/1495 268/1496/1496 269/1497/1497
f 280/1492/1492 276/1493/1493 269/1494/1494
f 279/1489/1489 271/1490/1490 270/1491/1491
f 278/1486/1486 279/1487/1487 270/1488/1488
f 278/1483/1483 270/1484/1484 267/1485/1485
f 277/1480/1480 278/1481/1481 267/1482/1482
f 277/1477/1477 267/1478/1478 268/1479/1479
f 276/1474/1474 277/1475/1475 268/1476/1476
f 269/1471/1471 268/1472/1472 275/1473/1473
f 275/1468/1468 274/1469/1469 273/1470/1470
f 273/1465/1465 272/1466/1466 271/1467/1467
f 274/1462/1462 275/1463/1463 268/1464/1464
f 272/1459/1459 273/1460/1460 274/1461/1461
f 270/1456/1456 271/1457/1457 272/1458/1458
f 267/1453/1453 272/1454/1454 274/1455/1455
f 267/1450/1450 270/1451/1451 272/1452/1452
f 267/1447/1447 274/1448/1448 268/1449/1449
f 264/1444/1444 259/1445/1445 266/1446/1446
f 253/1441/1441 258/1442/1442 265/1443/1443
f 263/1438/1438 264/1439/1439 266/1440/1440
f 258/1435/1435 257/1436/1436 265/1437/1437
f 262/1432/1432 263/1433/1433 266/1434/1434
f 257/1429/1429 256/1430/1430 265/1431/1431
f 261/1426/1426 262/1427/1427 266/1428/1428
f 256/1423/1423 255/1424/1424 265/1425/1425
f 260/1420/1420 261/1421/1421 266/1422/1422
f 255/1417/1417 254/1418/1418 265/1419/1419
f 259/1414/1414 260/1415/1415 266/1416/1416
f 254/1411/1411 253/1412/1412 265/1413/1413
f 253/1408/1408 259/1409/1409 264/1410/1410
f 258/1405/1405 253/1406/1406 264/1407/1407
f 258/1402/1402 264/1403/1403 263/1404/1404
f 257/1399/1399 258/1400/1400 263/1401/1401
f 257/1396/1396 263/1397/1397 262/1398/1398
f 256/1393/1393 257/1394/1394 262/1395/1395
f 256/1390/1390 262/1391/1391 261/1392/1392
f 255/1387/1387 256/1388/1388 261/1389/1389
f 255/1384/1384 261/1385/1385 260/1386/1386
f 254/1381/1381 255/1382/1382 260/1383/1383
f 254/1378/1378 260/1379/1379 259/1380/1380
f 253/1375/1375 254/1376/1376 259/1377/1377
f 251/1372/1372 252/1373/1373 250/1374/1374
f 250/1369/1369 251/1370/1370 246/1371/1371
f 250/1366/1366 246/1367/1367 244/1368/1368
f 250/1363/1363 244/1364/1364 242/1365/1365
f 240/1360/1360 246/1361/1361 251/1362/1362
f 247/1357/1357 251/1358/1358 252/1359/1359
f 250/1354/1354 249/1355/1355 252/1356/1356
f 249/1351/1351 248/1352/1352 252/1353/1353
f 248/1348/1348 247/1349/1349 252/1350/1350
f 247/1345/1345 239/1346/1346 240/1347/1347
f 251/1342/1342 247/1343/1343 240/1344/1344
f 250/1339/1339 242/1340/1340 241/1341/1341
f 249/1336/1336 250/1337/1337 241/1338/1338
f 249/1333/1333 241/1334/1334 238/1335/1335
f 248/1330/1330 249/1331/1331 238/1332/1332
f 248/1327/1327 238/1328/1328 239/1329/1329
f 247/1324/1324 248/1325/1325 239/1326/1326
f 240/1321/1321 239/1322/1322 246/1323/1323
f 246/1318/1318 245/1319/1319 244/1320/1320
f 244/1315/1315 243/1316/1316 242/1317/1317
f 245/1312/1312 246/1313/1313 239/1314/1314
f 243/1309/1309 244/1310/1310 245/1311/1311
f 241/1306/1306 242/1307/1307 243/1308/1308
f 238/1303/1303 243/1304/1304 245/1305/1305
f 238/1300/1300 241/1301/1301 243/1302/1302
f 238/1297/1297 245/1298/1298 239/1299/1299
f 228/1294/1294 237/1295/1295 212/1296/1296
f 207/1291/1291 212/1292/1292 237/1293/1293
f 198/1288/1288 237/1289/1289 228/1290/1290
f 236/1285/1285 235/1286/1286 221/1287/1287
f 205/1282/1282 221/1283/1283 235/1284/1284
f 206/1279/1279 235/1280/1280 236/1281/1281
f 234/1276/1276 233/1277/1277 223/1278/1278
f 203/1273/1273 223/1274/1274 233/1275/1275
f 204/1270/1270 233/1271/1271 234/1272/1272
f 232/1267/1267 231/1268/1268 225/1269/1269
f 201/1264/1264 225/1265/1265 231/1266/1266
f 202/1261/1261 231/1262/1262 232/1263/1263
f 230/1258/1258 229/1259/1259 227/1260/1260
f 199/1255/1255 227/1256/1256 229/1257/1257
f 200/1252/1252 229/1253/1253 230/1254/1254
f 236/1249/1249 237/1250/1250 209/1251/1251
f 198/1246/1246 209/1247/1247 237/1248/1248
f 207/1243/1243 237/1244/1244 236/1245/1245
f 234/1240/1240 235/1241/1241 220/1242/1242
f 206/1237/1237 220/1238/1238 235/1239/1239
f 205/1234/1234 235/1235/1235 234/1236/1236
f 232/1231/1231 233/1232/1232 218/1233/1233
f 204/1228/1228 218/1229/1229 233/1230/1230
f 203/1225/1225 233/1226/1226 232/1227/1227
f 230/1222/1222 231/1223/1223 216/1224/1224
f 202/1219/1219 216/1220/1220 231/1221/1221
f 201/1216/1216 231/1217/1217 230/1218/1218
f 228/1213/1213 229/1214/1214 214/1215/1215
f 200/1210/1210 214/1211/1211 229/1212/1212
f 199/1207/1207 229/1208/1208 228/1209/1209
f 226/1204/1204 227/1205/1205 211/1206/1206
f 199/1201/1201 211/1202/1202 227/1203/1203
f 201/1198/1198 227/1199/1199 226/1200/1200
f 224/1195/1195 225/1196/1196 226/1197/1197
f 201/1192/1192 226/1193/1193 225/1194/1194
f 203/1189/1189 225/1190/1190 224/1191/1191
f 222/1186/1186 223/1187/1187 224/1188/1188
f 203/1183/1183 224/1184/1184 223/1185/1185
f 205/1180/1180 223/1181/1181 222/1182/1182
f 213/1177/1177 221/1178/1178 222/1179/1179
f 205/1174/1174 222/1175/1175 221/1176/1176
f 207/1171/1171 221/1172/1172 213/1173/1173
f 219/1168/1168 220/1169/1169 208/1170/1170
f 206/1165/1165 208/1166/1166 220/1167/1167
f 204/1162/1162 220/1163/1163 219/1164/1164
f 217/1159/1159 218/1160/1160 219/1161/1161
f 204/1156/1156 219/1157/1157 218/1158/1158
f 202/1153/1153 218/1154/1154 217/1155/1155
f 215/1150/1150 216/1151/1151 217/1152/1152
f 202/1147/1147 217/1148/1148 216/1149/1149
f 200/1144/1144 216/1145/1145 215/1146/1146
f 210/1141/1141 214/1142/1142 215/1143/1143
f 200/1138/1138 215/1139/1139 214/1140/1140
f 198/1135/1135 214/1136/1136 210/1137/1137
f 211/1132/1132 212/1133/1133 213/1134/1134
f 207/1129/1129 213/1130/1130 212/1131/1131
f 199/1126/1126 212/1127/1127 211/1128/1128
f 208/1123/1123 209/1124/1124 210/1125/1125
f 198/1120/1120 210/1121/1121 209/1122/1122
f 206/1117/1117 209/1118/1118 208/1119/1119
f 199/1114/1114 228/1115/1115 212/1116/1116
f 207/1111/1111 236/1112/1112 221/1113/1113
f 205/1108/1108 234/1109/1109 223/1110/1110
f 203/1105/1105 232/1106/1106 225/1107/1107
f 201/1102/1102 230/1103/1103 227/1104/1104
f 206/1099/1099 236/1100/1100 209/1101/1101
f 204/1096/1096 234/1097/1097 220/1098/1098
f 202/1093/1093 232/1094/1094 218/1095/1095
f 200/1090/1090 230/1091/1091 216/1092/1092
f 198/1087/1087 228/1088/1088 214/1089/1089
f 197/1084/1084 226/1085/1085 211/1086/1086
f 197/1081/1081 224/1082/1082 226/1083/1083
f 197/1078/1078 222/1079/1079 224/1080/1080
f 197/1075/1075 213/1076/1076 222/1077/1077
f 196/1072/1072 219/1073/1073 208/1074/1074
f 196/1069/1069 217/1070/1070 219/1071/1071
f 196/1066/1066 215/1067/1067 217/1068/1068
f 196/1063/1063 210/1064/1064 215/1065/1065
f 197/1060/1060 211/1061/1061 213/1062/1062
f 196/1057/1057 208/1058/1058 210/1059/1059
f 160/1054/1054 184/1055/1055 195/1056/1056
f 171/1051/1051 160/1052/1052 195/1053/1053
f 148/1048/1048 183/1049/1049 172/1050/1050
f 148/1045/1045 159/1046/1046 183/1047/1047
f 171/1042/1042 195/1043/1043 194/1044/1044
f 170/1039/1039 171/1040/1040 194/1041/1041
f 159/1036/1036 182/1037/1037 183/1038/1038
f 159/1033/1033 158/1034/1034 182/1035/1035
f 170/1030/1030 194/1031/1031 193/1032/1032
f 169/1027/1027 170/1028/1028 193/1029/1029
f 158/1024/1024 181/1025/1025 182/1026/1026
f 158/1021/1021 157/1022/1022 181/1023/1023
f 169/1018/1018 193/1019/1019 192/1020/1020
f 168/1015/1015 169/1016/1016 192/1017/1017
f 157/1012/1012 180/1013/1013 181/1014/1014
f 157/1009/1009 156/1010/1010 180/1011/1011
f 168/1006/1006 192/1007/1007 191/1008/1008
f 167/1003/1003 168/1004/1004 191/1005/1005
f 156/1000/1000 179/1001/1001 180/1002/1002
f 156/997/997 155/998/998 179/999/999
f 167/994/994 191/995/995 190/996/996
f 166/991/991 167/992/992 190/993/993
f 155/988/988 178/989/989 179/990/990
f 155/985/985 154/986/986 178/987/987
f 166/982/982 190/983/983 189/984/984
f 165/979/979 166/980/980 189/981/981
f 154/976/976 177/977/977 178/978/978
f 154/973/973 153/974/974 177/975/975
f 165/970/970 189/971/971 188/972/972
f 164/967/967 165/968/968 188/969/969
f 153/964/964 176/965/965 177/966/966
f 153/961/961 152/962/962 176/963/963
f 164/958/958 188/959/959 187/960/960
f 163/955/955 164/956/956 187/957/957
f 152/952/952 175/953/953 176/954/954
f 152/949/949 151/950/950 175/951/951
f 163/946/946 187/947/947 186/948/948
f 162/943/943 163/944/944 186/945/945
f 151/940/940 174/941/941 175/942/942
f 151/937/937 150/938/938 174/939/939
f 162/934/934 186/935/935 185/936/936
f 161/931/931 162/932/932 185/933/933
f 150/928/928 173/929/929 174/930/930
f 150/925/925 149/926/926 173/927/927
f 161/922/922 185/923/923 184/924/924
f 160/919/919 161/920/920 184/921/921
f 149/916/916 172/917/917 173/918/918
f 149/913/913 148/914/914 172/915/915
f 172/910/910 195/911/911 184/912/912
f 172/907/907 183/908/908 195/909/909
f 183/904/904 194/905/905 195/906/906
f 183/901/901 182/902/902 194/903/903
f 182/898/898 193/899/899 194/900/900
f 182/895/895 181/896/896 193/897/897
f 181/892/892 192/893/893 193/894/894
f 181/889/889 180/890/890 192/891/891
f 180/886/886 191/887/887 192/888/888
f 180/883/883 179/884/884 191/885/885
f 179/880/880 190/881/881 191/882/882
f 179/877/877 178/878/878 190/879/879
f 178/874/874 189/875/875 190/876/876
f 178/871/871 177/872/872 189/873/873
f 177/868/868 188/869/869 189/870/870
f 177/865/865 176/866/866 188/867/867
f 176/862/862 187/863/863 188/864/864
f 176/859/859 175/860/860 187/861/861
f 175/856/856 186/857/857 187/858/858
f 175/853/853 174/854/854 186/855/855
f 174/850/850 185/851/851 186/852/852
f 174/847/847 173/848/848 185/849/849
f 173/844/844 184/845/845 185/846/846
f 173/841/841 172/842/842 184/843/843
f 148/838/838 160/839/839 171/840/840
f 159/835/835 148/836/836 171/837/837
f 159/832/832 171/833/833 170/834/834
f 158/829/829 159/830/830 170/831/831
f 158/826/826 170/827/827 169/828/828
f 157/823/823 158/824/824 169/825/825
f 157/820/820 169/821/821 168/822/822
f 156/817/817 157/818/818 168/819/819
f 167/814/814 168/815/815 156/816/816
f 167/811/811 156/812/812 155/813/813
f 155/808/808 167/809/809 166/810/810
f 154/805/805 155/806/806 166/807/807
f 154/802/802 166/803/803 165/804/804
f 153/799/799 154/800/800 165/801/801
f 153/796/796 165/797/797 164/798/798
f 152/793/793 153/794/794 164/795/795
f 152/790/790 164/791/791 163/792/792
f 151/787/787 152/788/788 163/789/789
f 151/784/784 163/785/785 162/786/786
f 150/781/781 151/782/782 162/783/783
f 150/778/778 162/779/779 161/780/780
f 149/775/775 150/776/776 161/777/777
f 149/772/772 161/773/773 160/774/774
f 148/769/769 149/770/770 160/771/771
f 142/766/766 124/767/767 144/768/768
f 146/763/763 121/764/764 120/765/765
f 120/760/760 147/761/761 143/762/762
f 120/757/757 143/758/758 146/759/759
f 147/754/754 142/755/755 144/756/756
f 147/751/751 144/752/752 143/753/753
f 143/748/748 123/749/749 121/750/750
f 146/745/745 143/746/746 121/747/747
f 119/742/742 122/743/743 126/744/744
f 145/739/739 119/740/740 126/741/741
f 145/736/736 126/737/737 125/738/738
f 141/733/733 145/734/734 125/735/735
f 144/730/730 124/731/731 123/732/732
f 143/727/727 144/728/728 123/729/729
f 131/724/724 127/725/725 141/726/726
f 130/721/721 131/722/722 141/723/723
f 130/718/718 141/719/719 125/720/720
f 129/715/715 130/716/716 125/717/717
f 129/712/712 125/713/713 124/714/714
f 128/709/709 129/710/710 124/711/711
f 128/706/706 124/707/707 142/708/708
f 127/703/703 128/704/704 142/705/705
f 127/700/700 142/701/701 141/702/702
f 140/697/697 139/698/698 138/699/699
f 140/694/694 138/695/695 137/696/696
f 140/691/691 137/692/692 132/693/693
f 140/688/688 132/689/689 136/690/690
f 139/685/685 140/686/686 136/687/687
f 139/682/682 136/683/683 135/684/684
f 139/679/679 135/680/680 134/681/681
f 138/676/676 139/677/677 134/678/678
f 138/673/673 134/674/674 133/675/675
f 137/670/670 138/671/671 133/672/672
f 137/667/667 133/668/668 132/669/669
f 136/664/664 132/665/665 127/666/666
f 136/661/661 127/662/662 131/663/663
f 135/658/658 136/659/659 131/660/660
f 135/655/655 131/656/656 130/657/657
f 134/652/652 135/653/653 130/654/654
f 134/649/649 130/650/650 129/651/651
f 133/646/646 134/647/647 129/648/648
f 133/643/643 129/644/644 128/645/645
f 132/640/640 133/641/641 128/642/642
f 132/637/637 128/638/638 127/639/639
f 122/634/634 7/635/635 14/636/636
f 122/631/631 14/632/632 13/633/633
f 126/628/628 122/629/629 13/630/630
f 126/625/625 13/626/626 12/627/627
f 125/622/622 126/623/623 12/624/624
f 125/619/619 12/620/620 11/621/621
f 125/616/616 11/617/617 10/618/618
f 124/613/613 125/614/614 10/615/615
f 124/610/610 10/611/611 9/612/612
f 123/607/607 124/608/608 9/609/609
f 123/604/604 9/605/605 8/606/606
f 121/601/601 123/602/602 8/603/603
f 121/598/598 8/599/599 7/600/600
f 122/595/595 121/596/596 7/597/597
f 119/592/592 105/593/593 109/594/594
f 119/589/589 109/590/590 108/591/591
f 122/586/586 119/587/587 108/588/588
f 122/583/583 108/584/584 107/585/585
f 121/580/580 122/581/581 107/582/582
f 121/577/577 107/578/578 106/579/579
f 120/574/574 121/575/575 106/576/576
f 120/571/571 106/572/572 105/573/573
f 119/568/568 120/569/569 105/570/570
f 116/565/565 117/566/566 118/567/567
f 115/562/562 116/563/563 118/564/564
f 110/559/559 115/560/560 118/561/561
f 114/556/556 110/557/557 118/558/558
f 114/553/553 118/554/554 117/555/555
f 113/550/550 114/551/551 117/552/552
f 112/547/547 113/548/548 117/549/549
f 112/544/544 117/545/545 116/546/546
f 111/541/541 112/542/542 116/543/543
f 111/538/538 116/539/539 115/540/540
f 110/535/535 111/536/536 115/537/537
f 105/532/532 110/533/533 114/534/534
f 109/529/529 105/530/530 114/531/531
f 109/526/526 114/527/527 113/528/528
f 108/523/523 109/524/524 113/525/525
f 108/520/520 113/521/521 112/522/522
f 107/517/517 108/518/518 112/519/519
f 107/514/514 112/515/515 111/516/516
f 106/511/511 107/512/512 111/513/513
f 106/508/508 111/509/509 110/510/510
f 105/505/505 106/506/506 110/507/507
f 104/502/502 97/503/503 89/504/504
f 104/499/499 89/500/500 96/501/501
f 103/496/496 104/497/497 96/498/498
f 103/493/493 96/494/494 95/495/495
f 102/490/490 103/491/491 95/492/492
f 102/487/487 95/488/488 94/489/489
f 101/484/484 102/485/485 94/486/486
f 101/481/481 94/482/482 93/483/483
f 100/478/478 101/479/479 93/480/480
f 100/475/475 93/476/476 92/477/477
f 99/472/472 100/473/473 92/474/474
f 99/469/469 92/470/470 91/471/471
f 98/466/466 99/467/467 91/468/468
f 98/463/463 91/464/464 90/465/465
f 97/460/460 98/461/461 90/462/462
f 97/457/457 90/458/458 89/459/459
f 96/454/454 89/455/455 81/456/456
f 96/451/451 81/452/452 88/453/453
f 95/448/448 96/449/449 88/450/450
f 95/445/445 88/446/446 87/447/447
f 94/442/442 95/443/443 87/444/444
f 94/439/439 87/440/440 86/441/441
f 93/436/436 94/437/437 86/438/438
f 93/433/433 86/434/434 85/435/435
f 92/430/430 93/431/431 85/432/432
f 92/427/427 85/428/428 84/429/429
f 91/424/424 92/425/425 84/426/426
f 91/421/421 84/422/422 83/423/423
f 90/418/418 91/419/419 83/420/420
f 90/415/415 83/416/416 82/417/417
f 89/412/412 90/413/413 82/414/414
f 89/409/409 82/410/410 81/411/411
f 88/406/406 81/407/407 73/408/408
f 88/403/403 73/404/404 80/405/405
f 87/400/400 88/401/401 80/402/402
f 87/397/397 80/398/398 79/399/399
f 86/394/394 87/395/395 79/396/396
f 86/391/391 79/392/392 78/393/393
f 85/388/388 86/389/389 78/390/390
f 85/385/385 78/386/386 77/387/387
f 84/382/382 85/383/383 77/384/384
f 84/379/379 77/380/380 76/381/381
f 83/376/376 84/377/377 76/378/378
f 83/373/373 76/374/374 75/375/375
f 82/370/370 83/371/371 75/372/372
f 82/367/367 75/368/368 74/369/369
f 81/364/364 82/365/365 74/366/366
f 81/361/361 74/362/362 73/363/363
f 80/358/358 73/359/359 65/360/360
f 80/355/355 65/356/356 72/357/357
f 79/352/352 80/353/353 72/354/354
f 79/349/349 72/350/350 71/351/351
f 78/346/346 79/347/347 71/348/348
f 78/343/343 71/344/344 70/345/345
f 77/340/340 78/341/341 70/342/342
f 77/337/337 70/338/338 69/339/339
f 76/334/334 77/335/335 69/336/336
f 76/331/331 69/332/332 68/333/333
f 75/328/328 76/329/329 68/330/330
f 75/325/325 68/326/326 67/327/327
f 74/322/322 75/323/323 67/324/324
f 74/319/319 67/320/320 66/321/321
f 73/316/316 74/317/317 66/318/318
f 73/313/313 66/314/314 65/315/315
f 49/310/310 57/311/311 64/312/312
f 56/307/307 49/308/308 64/309/309
f 56/304/304 64/305/305 63/306/306
f 55/301/301 56/302/302 63/303/303
f 55/298/298 63/299/299 62/300/300
f 54/295/295 55/296/296 62/297/297
f 54/292/292 62/293/293 61/294/294
f 53/289/289 54/290/290 61/291/291
f 53/286/286 61/287/287 60/288/288
f 52/283/283 53/284/284 60/285/285
f 52/280/280 60/281/281 59/282/282
f 51/277/277 52/278/278 59/279/279
f 51/274/274 59/275/275 58/276/276
f 50/271/271 51/272/272 58/273/273
f 50/268/268 58/269/269 57/270/270
f 49/265/265 50/266/266 57/267/267
f 41/262/262 49/263/263 56/264/264
f 48/259/259 41/260/260 56/261/261
f 48/256/256 56/257/257 55/258/258
f 47/253/253 48/254/254 55/255/255
f 47/250/250 55/251/251 54/252/252
f 46/247/247 47/248/248 54/249/249
f 46/244/244 54/245/245 53/246/246
f 45/241/241 46/242/242 53/243/243
f 45/238/238 53/239/239 52/240/240
f 44/235/235 45/236/236 52/237/237
f 44/232/232 52/233/233 51/234/234
f 43/229/229 44/230/230 51/231/231
f 43/226/226 51/227/227 50/228/228
f 42/223/223 43/224/224 50/225/225
f 42/220/220 50/221/221 49/222/222
f 41/217/217 42/218/218 49/219/219
f 33/214/214 41/215/215 48/216/216
f 40/211/211 33/212/212 48/213/213
f 40/208/208 48/209/209 47/210/210
f 39/205/205 40/206/206 47/207/207
f 39/202/202 47/203/203 46/204/204
f 38/199/199 39/200/200 46/201/201
f 38/196/196 46/197/197 45/198/198
f 37/193/193 38/194/194 45/195/195
f 37/190/190 45/191/191 44/192/192
f 36/187/187 37/188/188 44/189/189
f 36/184/184 44/185/185 43/186/186
f 35/181/181 36/182/182 43/183/183
f 35/178/178 43/179/179 42/180/180
f 34/175/175 35/176/176 42/177/177
f 34/172/172 42/173/173 41/174/174
f 33/169/169 34/170/170 41/171/171
f 25/166/166 33/167/167 40/168/168
f 32/163/163 25/164/164 40/165/165
f 32/160/160 40/161/161 39/162/162
f 31/157/157 32/158/158 39/159/159
f 31/154/154 39/155/155 38/156/156
f 30/151/151 31/152/152 38/153/153
f 30/148/148 38/149/149 37/150/150
f 29/145/145 30/146/146 37/147/147
f 29/142/142 37/143/143 36/144/144
f 28/139/139 29/140/140 36/141/141
f 28/136/136 36/137/137 35/138/138
f 27/133/133 28/134/134 35/135/135
f 27/130/130 35/131/131 34/132/132
f 26/127/127 27/128/128 34/129/129
f 26/124/124 34/125/125 33/126/126
f 25/121/121 26/122/122 33/123/123
f 18/118/118 19/119/119 24/120/120
f 24/115/115 23/116/116 18/117/117
f 17/112/112 18/113/113 23/114/114
f 23/109/109 22/110/110 17/111/111
f 19/106/106 15/107/107 21/108/108
f 7/103/103 14/104/104 20/105/105
f 18/100/100 19/101/101 21/102/102
f 14/97/97 13/98/98 20/99/99
f 17/94/94 18/95/95 21/96/96
f 13/91/91 12/92/92 20/93/93
f 16/88/88 17/89/89 21/90/90
f 12/85/85 11/86/86 20/87/87
f 1/82/82 16/83/83 21/84/84
f 11/79/79 10/80/80 20/81/81
f 3/76/76 1/77/77 21/78/78
f 10/73/73 9/74/74 20/75/75
f 5/70/70 3/71/71 21/72/72
f 9/67/67 8/68/68 20/69/69
f 15/64/64 5/65/65 21/66/66
f 8/61/61 7/62/62 20/63/63
f 7/58/58 15/59/59 19/60/60
f 14/55/55 7/56/56 19/57/57
f 14/52/52 19/53/53 18/54/54
f 13/49/49 14/50/50 18/51/51
f 13/46/46 18/47/47 17/48/48
f 12/43/43 13/44/44 17/45/45
f 12/40/40 17/41/41 16/42/42
f 11/37/37 12/38/38 16/39/39
f 11/34/34 16/35/35 1/36/36
f 10/31/31 11/32/32 1/33/33
f 10/28/28 1/29/29 3/30/30
f 9/25/25 10/26/26 3/27/27
f 9/22/22 3/23/23 5/24/24
f 8/19/19 9/20/20 5/21/21
f 8/16/16 5/17/17 15/18/18
f 7/13/13 8/14/14 15/15/15
f 6/10/10 5/11/11 3/12/12
f 3/7/7 4/8/8 6/9/9
f 4/4/4 3/5/5 1/6/6
f 1/1/1 2/2/2 4/3/3
f 312/1657/1657 313/1658/1658 314/1659/1659
f 313/1660/1660 315/1661/1661 314/1662/1662
f 316/1663/1663 317/1664/1664 318/1665/1665
f 317/1666/1666 319/1667/1667 318/1668/1668
f 314/1669/1669 318/1670/1670 319/1671/1671
f 314/1672/1672 315/1673/1673 318/1674/1674
f 313/1675/1675 317/1676/1676 316/1677/1677
f 313/1678/1678 312/1679/1679 317/1680/1680
f 320/1681/1681 312/1682/1682 321/1683/1683
f 312/1684/1684 314/1685/1685 321/1686/1686
f 317/1687/1687 322/1688/1688 319/1689/1689
f 322/1690/1690 323/1691/1691 319/1692/1692
f 321/1693/1693 319/1694/1694 323/1695/1695
f 321/1696/1696 314/1697/1697 319/1698/1698
f 312/1699/1699 322/1700/1700 317/1701/1701
f 312/1702/1702 320/1703/1703 322/1704/1704
f 325/1705/1705 326/1706/1706 324/1707/1707
f 327/1708/1708 324/1709/1709 328/1710/1710
f 324/1711/1711 326/1712/1712 328/1713/1713
f 325/1714/1714 324/1715/1715 327/1716/1716
f 331/1717/1717 330/1718/1718 329/1719/1719
f 331/1720/1720 332/1721/1721 330/1722/1722
f 335/1723/1723 334/1724/1724 333/1725/1725
f 335/1726/1726 336/1727/1727 334/1728/1728
f 336/1729/1729 335/1730/1730 331/1731/1731
f 335/1732/1732 332/1733/1733 331/1734/1734
f 333/1735/1735 334/1736/1736 330/1737/1737
f 334/1738/1738 329/1739/1739 330/1740/1740
f 338/1741/1741 329/1742/1742 337/1743/1743
f 338/1744/1744 331/1745/1745 329/1746/1746
f 336/1747/1747 339/1748/1748 334/1749/1749
f 336/1750/1750 340/1751/1751 339/1752/1752
f 340/1753/1753 336/1754/1754 338/1755/1755
f 336/1756/1756 331/1757/1757 338/1758/1758
f 334/1759/1759 339/1760/1760 329/1761/1761
f 339/1762/1762 337/1763/1763 329/1764/1764
f 341/1765/1765 343/1766/1766 342/1767/1767
f 345/1768/1768 341/1769/1769 344/1770/1770
f 345/1771/1771 343/1772/1772 341/1773/1773
f 344/1774/1774 341/1775/1775 342/1776/1776
f 348/1777/1777 347/1778/1778 346/1779/1779
f 348/1780/1780 349/1781/1781 347/1782/1782
f 351/1783/1783 352/1784/1784 350/1785/1785
f 352/1786/1786 351/1787/1787 348/1788/1788
f 351/1789/1789 349/1790/1790 348/1791/1791
f 354/1792/1792 346/1793/1793 353/1794/1794
f 354/1795/1795 348/1796/1796 346/1797/1797
f 352/1798/1798 355/1799/1799 350/1800/1800
f 352/1801/1801 356/1802/1802 355/1803/1803
f 356/1804/1804 352/1805/1805 354/1806/1806
f 352/1807/1807 348/1808/1808 354/1809/1809
f 350/1810/1810 355/1811/1811 346/1812/1812
f 355/1813/1813 353/1814/1814 346/1815/1815
f 357/1816/1816 359/1817/1817 358/1818/1818
f 361/1819/1819 357/1820/1820 360/1821/1821
f 361/1822/1822 359/1823/1823 357/1824/1824
f 360/1825/1825 357/1826/1826 358/1827/1827
f 362/1828/1828 363/1829/1829 364/1830/1830
f 363/1831/1831 365/1832/1832 364/1833/1833
f 366/1834/1834 368/1835/1835 367/1836/1836
f 364/1837/1837 367/1838/1838 368/1839/1839
f 364/1840/1840 365/1841/1841 367/1842/1842
f 369/1843/1843 362/1844/1844 370/1845/1845
f 362/1846/1846 364/1847/1847 370/1848/1848
f 366/1849/1849 371/1850/1850 368/1851/1851
f 371/1852/1852 372/1853/1853 368/1854/1854
f 370/1855/1855 368/1856/1856 372/1857/1857
f 370/1858/1858 364/1859/1859 368/1860/1860
f 362/1861/1861 371/1862/1862 366/1863/1863
f 362/1864/1864 369/1865/1865 371/1866/1866
f 374/1867/1867 375/1868/1868 373/1869/1869
f 376/1870/1870 373/1871/1871 377/1872/1872
f 373/1873/1873 375/1874/1874 377/1875/1875
f 374/1876/1876 373/1877/1877 376/1878/1878
f 380/1879/1879 379/1880/1880 378/1881/1881
f 380/1882/1882 381/1883/1883 379/1884/1884
f 383/1885/1885 384/1886/1886 382/1887/1887
f 384/1888/1888 383/1889/1889 380/1890/1890
f 383/1891/1891 381/1892/1892 380/1893/1893
f 386/1894/1894 378/1895/1895 385/1896/1896
f 386/1897/1897 380/1898/1898 378/1899/1899
f 384/1900/1900 387/1901/1901 382/1902/1902
f 384/1903/1903 388/1904/1904 387/1905/1905
f 388/1906/1906 384/1907/1907 386/1908/1908
f 384/1909/1909 380/1910/1910 386/1911/1911
f 382/1912/1912 387/1913/1913 378/1914/1914
f 387/1915/1915 385/1916/1916 378/1917/1917
f 389/1918/1918 391/1919/1919 390/1920/1920
f 393/1921/1921 389/1922/1922 392/1923/1923
f 393/1924/1924 391/1925/1925 389/1926/1926
f 392/1927/1927 389/1928/1928 390/1929/1929
f 396/1930/1930 395/1931/1931 394/1932/1932
f 396/1933/1933 397/1934/1934 395/1935/1935
f 399/1936/1936 400/1937/1937 398/1938/1938
f 400/1939/1939 399/1940/1940 396/1941/1941
f 399/1942/1942 397/1943/1943 396/1944/1944
f 402/1945/1945 394/1946/1946 401/1947/1947
f 402/1948/1948 396/1949/1949 394/1950/1950
f 400/1951/1951 403/1952/1952 398/1953/1953
f 400/1954/1954 404/1955/1955 403/1956/1956
f 404/1957/1957 400/1958/1958 402/1959/1959
f 400/1960/1960 396/1961/1961 402/1962/1962
f 398/1963/1963 403/1964/1964 394/1965/1965
f 403/1966/1966 401/1967/1967 394/1968/1968
f 405/1969/1969 407/1970/1970 406/1971/1971
f 409/1972/1972 405/1973/1973 408/1974/1974
f 409/1975/1975 407/1976/1976 405/1977/1977
f 408/1978/1978 405/1979/1979 406/1980/1980
